1049589	ibuprofen 400 MG / oxycodone hydrochloride 5 MG Oral Tablet
1049589	Ibuprofen 400 mg and oxycodone 5 mg oral tablet
1049589	ibuprofen-oxycodone 400 mg-5 mg oral tablet
1049589	Ibuprofen-Oxycodone Hydrochloride, 400 mg-5 mg oral tablet
1049589	ibuprofen/oxycodone HCl 400 mg-5 mg ORAL TABLET
1049589	ibuprofen/oxycodone HCl@400 mg-5 mg@ORAL@TABLET
1049589	Ibuprofen/Oxycodone Hydrochloride 400 MG-5 MG Oral Tablet
1049589	Ibuprofen/Oxycodone Hydrochloride 400 MG-5 MG Oral Tablet [OXYCODONE HCL-IBUPROFEN]
1049589	oxyCODONE HCl 5 MG / ibuprofen 400 MG Oral Tablet
1049589	OXYCODONE HCL 5MG/IBUPROFEN 400MG TAB
1049589	Oxycodone Hydrochloride 5mg, Ibuprofen 400mg Oral tablet
1049589	Product containing precisely ibuprofen 400 milligram and oxycodone 5 milligram/1 each conventional release oral tablet (clinical drug)
1049693	ASA 325 MG / Oxycodone Hydrochloride 5 MG Oral Tablet [Roxiprin]
1049693	aspirin 325 MG / oxycodone hydrochloride 5 MG Oral Tablet [Roxiprin]
1049693	Aspirin/Oxycodone Hydrochloride/Oxycodone Terephthalate 325 MG-4.5 MG-0.38 MG Oral Tablet [ROXIPRIN]
1049693	Roxiprin (ASA 325 MG / oxycodone hydrochloride 5 MG) Oral Tablet
1049693	Roxiprin, 325 mg-4.5 mg-0.38 mg oral tablet
1152250	acetaminophen / butalbital / caffeine / codeine Oral Product
1152250	Acetaminophen- and butalbital- and caffeine- and codeine-containing product in oral dose form
1152250	Butalbital- and caffeine- and codeine- and paracetamol-containing product in oral dose form
1152250	Product containing butalbital and caffeine and codeine and paracetamol in oral dose form (medicinal product form)
1153233	aspirin / caffeine / propoxyphene Oral Product
1153233	Aspirin- and caffeine- and dextropropoxyphene-containing product in oral dose form
1153233	Aspirin- and caffeine- and propoxyphene-containing product in oral dose form
1153233	Product containing aspirin and caffeine and dextropropoxyphene in oral dose form (medicinal product form)
1153517	aspirin / caffeine / dihydrocodeine Oral Product
1153517	Aspirin- and caffeine- and dihydrocodeine-containing product in oral dose form
1153517	Product containing aspirin and caffeine and dihydrocodeine in oral dose form (medicinal product form)
1153529	aspirin / carisoprodol / codeine Oral Product
1153529	Aspirin- and carisoprodol- and codeine-containing product in oral dose form
1153529	Product containing aspirin and carisoprodol and codeine in oral dose form (medicinal product form)
1153552	aspirin / codeine Oral Product
1153552	Aspirin- and codeine-containing product in oral dose form
1153552	Product containing aspirin and codeine in oral dose form (medicinal product form)
1153735	aspirin / hydrocodone Oral Product
1153735	Aspirin- and hydrocodone-containing product in oral dose form
1153735	Product containing aspirin and hydrocodone in oral dose form (medicinal product form)
1153749	aspirin / oxycodone Oral Product
1153749	Aspirin- and oxycodone-containing product in oral dose form
1153749	Product containing aspirin and oxycodone in oral dose form (medicinal product form)
1154056	aspirin / butalbital / caffeine / codeine Oral Product
1154056	Aspirin- and butalbital- and caffeine- and codeine-containing product in oral dose form
1154056	Product containing aspirin and butalbital and caffeine and codeine in oral dose form (medicinal product form)
1154818	codeine / ibuprofen Oral Product
1154818	Codeine- and ibuprofen-containing product in oral dose form
1154818	Product containing codeine and ibuprofen in oral dose form (medicinal product form)
1162788	hydrocodone / ibuprofen Oral Product
1162788	Hydrocodone- and ibuprofen-containing product in oral dose form
1162788	Product containing hydrocodone and ibuprofen in oral dose form (medicinal product form)
1165305	ibuprofen / oxycodone Oral Product
1165305	Ibuprofen- and oxycodone-containing product in oral dose form
1165305	Product containing ibuprofen and oxycodone in oral dose form (medicinal product form)
1166579	Ibudone Oral Product
1168324	Fioricet with Codeine Oral Product
1168328	Fiorinal with Codeine Oral Product
1171456	Ascomp Oral Product
1176591	Endodan Reformulated May 2009 Oral Product
1181342	Reprexain Oral Product
1186574	Vicoprofen Oral Product
1234872	ASA 356.4 MG / caffeine 30 MG / dihydrocodeine bitartrate 16 MG Oral Capsule
1234872	aspirin 356.4 MG / caffeine 30 MG / dihydrocodeine bitartrate 16 MG Oral Capsule
1234872	Aspirin 356.4 mg and caffeine 30 mg and dihydrocodeine tartrate 16 mg oral capsule
1234872	Aspirin 356.4mg, Caffeine 30mg, Dihydrocodeine Bitartrate 16mg Oral capsule
1234872	aspirin/caffein/dihydrocodeine 356.4 mg-30 mg-16 mg ORAL CAPSULE
1234872	aspirin/caffeine/dihydrocodeine 356.4 mg-30 mg-16 mg oral capsule
1234872	Aspirin/Caffeine/Dihydrocodeine Bitartrate 356.4 MG-30 MG-16 MG Oral Capsule
1234872	aspirin/caffeine/dihydrocodeine bitartrate@356.4 mg-30 mg-16 mg@ORAL@CAPSULE
1234872	Aspirin/caffeine/dihydrocodeine, 356.4 mg-30 mg-16 mg oral capsule
1234872	DIHYDROCODEINE 16/ASA 356/CAFF 30MG CAP
1234872	DIHYDROCODEINE 16MG/ASA 356MG/CAFN 30MG CAP
1234872	dihydrocodeine bitartrate 16 MG / aspirin 356.4 MG / caffeine 30 MG Oral Capsule
1234872	Product containing precisely aspirin 356.4 milligram and caffeine 30 milligram and dihydrocodeine tartrate 16 milligram/1 each conventional release oral capsule (clinical drug)
135095	aspirin / codeine
135095	Aspirin- and codeine-containing product
135095	aspirin-codeine
135095	ASPIRIN/CODEINE
135095	codeine and acetylsalicylic acid
135095	Product containing aspirin and codeine (medicinal product)
1372693	Ascomp
1372693	Ascomp with Codeine
1372755	Ibudone
1431286	acetaminophen 300 MG / butalbital 50 MG / caffeine 40 MG / codeine phosphate 30 MG Oral Capsule
1431286	acetaminophen/butalbital/caffeine/codeine 300 mg-50 mg-40 mg-30 mg oral capsule
1431286	Acetaminophen/Butalbital/Caffeine/Codeine Phosphate 300 MG-50 MG-40 MG-30 MG Oral Capsule
1431286	Acetaminophen/Butalbital/Caffeine/Codeine, 300 mg-50 mg-40 mg-30 mg oral capsule
1431286	APAP 300 MG / butalbital 50 MG / Caffeine 40 MG / Codeine Phosphate 30 MG Oral Capsule
1431286	butalbit/acetamin/caff/codeine 50 mg-300 mg-40 mg-30 mg ORAL CAPSULE
1431286	BUTALBITAL 50 mg / ACETAMINOPHEN 300 mg / CAFFEINE 40 mg / CODEINE PHOSPHATE 30 mg ORAL CAPSULE
1431286	Butalbital 50mg, Acetaminophen 300mg, Caffeine 40mg, Codeine Phosphate 30mg Oral capsule
1431286	butalbital/acetaminophen/caffeine/codeine phosphate 50 mg-300 mg-40 mg-30 mg ORAL CAPSULE
1431286	butalbital/acetaminophen/caffeine/codeine phosphate@50 mg-300 mg-40 mg-30 mg@ORAL@CAPSULE
1431286	CODEINE 30/APAP 300/BUTALB 50MG/CAFN CAP
1431286	CODEINE 30MG/APAP 300MG/BUTALBITAL 50MG/CAFN 40MG CAP
1433802	acetaminophen 300 MG / butalbital 50 MG / caffeine 40 MG / codeine phosphate 30 MG Oral Capsule [Fioricet with Codeine]
1433802	Acetaminophen/Butalbital/Caffeine/Codeine Phosphate 300 MG-50 MG-40 MG-30 MG Oral Capsule [FIORICET WITH CODEINE]
1433802	APAP 300 MG / butalbital 50 MG / Caffeine 40 MG / Codeine Phosphate 30 MG Oral Capsule [Fioricet with Codeine]
1433802	BUTALBITAL 50 mg / ACETAMINOPHEN 300 mg / CAFFEINE 40 mg / CODEINE PHOSPHATE 30 mg ORAL CAPSULE [Fioricet with Codeine]
1433802	Fioricet with Codeine (APAP 300 MG / butalbital 50 MG / caffeine 40 MG / codeine phosphate 30 MG) Oral Capsule
1433802	Fioricet with Codeine 50 MG / 300 MG / 40 MG / 30 MG Oral Capsule
1433802	Fioricet with Codeine Capsule
1433802	Fioricet with Codeine, 300 mg-50 mg-40 mg-30 mg oral capsule
1542983	Xylon
1542985	hydrocodone / ibuprofen Oral Tablet [Xylon]
1542986	Xylon Oral Product
1542988	hydrocodone bitartrate 10 MG / ibuprofen 200 MG Oral Tablet [Xylon]
1542988	Hydrocodone Bitartrate/Ibuprofen 10 MG-200 MG Oral Tablet [XYLON 10]
1542988	Xylon (hydrocodone bitartrate 10 MG / ibuprofen 200 MG) Oral Tablet
1542988	Xylon 10, 10 MG / 200 MG Oral Tablet
1542988	Xylon 10, 10 mg-200 mg oral tablet
1542988	Xylon 10mg-200mg Tablet
1880033	Ibuprofen-Oxycodone Hydrochloride
2110913	Hydrocodone and ibuprofen only product
2110913	Product containing only hydrocodone and ibuprofen (medicinal product)
2110914	Hydrocodone and ibuprofen only product in oral dose form
2110914	Product containing only hydrocodone and ibuprofen in oral dose form (medicinal product form)
2111464	Aspirin and butalbital and caffeine and codeine only product
2111464	Product containing only aspirin and butalbital and caffeine and codeine (medicinal product)
2111465	Aspirin and butalbital and caffeine and codeine only product in oral dose form
2111465	Product containing only aspirin and butalbital and caffeine and codeine in oral dose form (medicinal product form)
2111469	Aspirin and caffeine and dihydrocodeine only product
2111469	Product containing only aspirin and caffeine and dihydrocodeine (medicinal product)
2111470	Aspirin and caffeine and dihydrocodeine only product in oral dose form
2111470	Product containing only aspirin and caffeine and dihydrocodeine in oral dose form (medicinal product form)
2111473	Aspirin and caffeine and dextropropoxyphene only product
2111473	Aspirin and caffeine and propoxyphene only product
2111473	Product containing only aspirin and caffeine and dextropropoxyphene (medicinal product)
2111474	Aspirin and caffeine and dextropropoxyphene only product in oral dose form
2111474	Aspirin and caffeine and propoxyphene only product in oral dose form
2111474	Product containing only aspirin and caffeine and dextropropoxyphene in oral dose form (medicinal product form)
2111476	Aspirin and carisoprodol and codeine only product
2111476	Product containing only aspirin and carisoprodol and codeine (medicinal product)
2111477	Aspirin and carisoprodol and codeine only product in oral dose form
2111477	Product containing only aspirin and carisoprodol and codeine in oral dose form (medicinal product form)
2111480	Aspirin and codeine only product
2111480	Product containing only aspirin and codeine (medicinal product)
2111481	Aspirin and codeine only product in oral dose form
2111481	Product containing only aspirin and codeine in oral dose form (medicinal product form)
2111486	Aspirin and hydrocodone only product
2111486	Product containing only aspirin and hydrocodone (medicinal product)
2111487	Aspirin and hydrocodone only product in oral dose form
2111487	Product containing only aspirin and hydrocodone in oral dose form (medicinal product form)
2111684	Aspirin and oxycodone only product
2111684	Product containing only aspirin and oxycodone (medicinal product)
2111685	Aspirin and oxycodone only product in oral dose form
2111685	Product containing only aspirin and oxycodone in oral dose form (medicinal product form)
2111687	Aspirin and pentazocine only product
2111687	Product containing only aspirin and pentazocine (medicinal product)
2112271	Acetaminophen and butalbital and caffeine and codeine only product
2112271	Butalbital and caffeine and codeine and paracetamol only product
2112271	Product containing only butalbital and caffeine and codeine and paracetamol (medicinal product)
2112272	Acetaminophen and butalbital and caffeine and codeine only product in oral dose form
2112272	Butalbital and caffeine and codeine and paracetamol only product in oral dose form
2112272	Product containing only butalbital and caffeine and codeine and paracetamol in oral dose form (medicinal product form)
2112924	Ibuprofen and oxycodone only product
2112924	Product containing only ibuprofen and oxycodone (medicinal product)
2112925	Ibuprofen and oxycodone only product in oral dose form
2112925	Product containing only ibuprofen and oxycodone in oral dose form (medicinal product form)
2113166	Codeine and ibuprofen only product
2113166	Product containing only codeine and ibuprofen (medicinal product)
2113167	Codeine and ibuprofen only product in oral dose form
2113167	Product containing only codeine and ibuprofen in oral dose form (medicinal product form)
214160	aspirin / butalbital / caffeine / codeine
214160	Aspirin- and butalbital- and caffeine- and codeine-containing product
214160	ASPIRIN/BUTALBITAL/CAFFEINE/CODEINE
214160	Butalbital/Aspirin/Caffeine/Codeine
214160	Product containing aspirin and butalbital and caffeine and codeine (medicinal product)
214253	aspirin / hydrocodone
214253	Aspirin- and hydrocodone-containing product
214253	aspirin-hydrocodone
214253	ASPIRIN/HYDROCODONE
214253	Product containing aspirin and hydrocodone (medicinal product)
214256	aspirin / oxycodone
214256	Aspirin- and oxycodone-containing product
214256	Aspirin-Oxycodone
214256	ASPIRIN/OXYCODONE
214256	Product containing aspirin and oxycodone (medicinal product)
214257	aspirin / pentazocine
214257	Aspirin- and pentazocine-containing product
214257	aspirin-pentazocine
214257	ASPIRIN/PENTAZOCINE
214257	Product containing aspirin and pentazocine (medicinal product)
214627	hydrocodone / ibuprofen
214627	hydrocodone and ibuprofen
214627	Hydrocodone- and ibuprofen-containing product
214627	Hydrocodone-Ibuprofen
214627	HYDROCODONE/IBUPROFEN
214627	Product containing hydrocodone and ibuprofen (medicinal product)
214948	ASA/Carisoprodol/Codeine Phosphate
215451	aspirin / oxycodone hydrochloride / oxycodone terephthalate
215451	Aspirin/Oxycodone HCl/Oxycodone Terephthalate
217126	Fioricet with Codeine
217127	Fiorinal with Codeine
220826	Vicoprofen
2588479	Seglentis
366384	aspirin / butalbital / caffeine / codeine Oral Capsule [Fiorinal with Codeine]
366536	acetaminophen / butalbital / caffeine / codeine Oral Capsule [Fioricet with Codeine]
368308	hydrocodone / ibuprofen Oral Tablet [Vicoprofen]
370643	aspirin / hydrocodone Oral Tablet
370676	hydrocodone / ibuprofen Oral Tablet
370943	aspirin / codeine Oral Tablet
372455	codeine / ibuprofen Oral Tablet
372456	codeine / ibuprofen Extended Release Oral Tablet
374702	aspirin / caffeine / propoxyphene Oral Capsule
374711	aspirin / oxycodone Oral Tablet
374711	Oxycodone and Aspirin Tablets
374756	aspirin / butalbital / caffeine / codeine Oral Capsule
374757	aspirin / caffeine / dihydrocodeine Oral Capsule
374757	aspirin/caffeine/dihydrocodein ORAL CAPSULE
374757	aspirin/caffeine/dihydrocodeine ORAL CAPSULE
374757	aspirin/caffeine/dihydrocodeine@@ORAL@CAPSULE
374760	aspirin / carisoprodol / codeine Oral Tablet
374830	acetaminophen / butalbital / caffeine / codeine Oral Capsule
483322	ibuprofen / oxycodone Oral Tablet
484259	ibuprofen / oxycodone
484259	Ibuprofen- and oxycodone-containing product
484259	ibuprofen-oxycodone
484259	oxycodone and ibuprofen
484259	OXYCODONE/IBUPROFEN
484259	Product containing ibuprofen and oxycodone (medicinal product)
579458	Reprexain
637540	ASA 325 MG / Oxycodone Hydrochloride 4.5 MG / oxycodone terephthalate 0.38 MG Oral Tablet
637540	aspirin 325 MG / oxycodone hydrochloride 4.5 MG / oxycodone terephthalate 0.38 MG Oral Tablet
637540	Aspirin 325 mg and oxycodone hydrochloride 4.5 mg and oxycodone terephthalate 380 microgram oral tablet
637540	aspirin-oxycodone 325 mg-4.5 mg-0.38 mg oral tablet
637540	Aspirin-Oxycodone, 325 mg-4.5 mg-0.38 mg oral tablet
637540	Aspirin/Oxycodone HCl/Oxycodone Terephthalate, 325 mg-4.5 mg-0.38 mg oral tablet
637540	Aspirin/Oxycodone Hydrochloride/Oxycodone Terephthalate 325 MG-4.5 MG-0.38 MG Oral Tablet
637540	Aspirin/Oxycodone Hydrochloride/Oxycodone Terephthalate 325 MG-4.5 MG-0.38 MG Oral Tablet [OXYCODONE HCL-ASPIRIN]
637540	OXYCODONE 4.88MG/ASA 325MG TAB
637540	oxyCODONE HCl 4.5 MG / oxyCODONE terephthalate 0.38 MG / aspirin 325 MG Oral Tablet
637540	OXYCODONE HCL 4.5MG/OXYCODONE TEREPH 0.38MG/ASA 325MG TAB
637540	oxycodone HCl,terephth/aspirin 4.5 mg-0.38 mg-325 mg ORAL TABLET
637540	oxycodone HCl/oxycodone terephthalate/aspirin 4.5 mg-0.38 mg-325 mg ORAL TABLET
637540	oxycodone HCl/oxycodone terephthalate/aspirin@4.5 mg-0.38 mg-325 mg@ORAL@TABLET
637540	OXYCODONE HYDROCHLORIDE 4.5 mg / OXYCODONE TEREPHTHALATE 0.38 mg / ASPIRIN 325 mg ORAL TABLET [Oxycodone and Aspirin]
637540	Oxycodone Hydrochloride 4.5mg, Oxycodone Terephthalate 0.38mg, Aspirin 325mg Oral tablet
637540	Product containing precisely aspirin 325 milligram and oxycodone hydrochloride 4.5 milligram and oxycodone terephthalate 380 microgram/1 each conventional release oral tablet (clinical drug)
637542	ASA 325 MG / Oxycodone Hydrochloride 4.5 MG / oxycodone terephthalate 0.38 MG Oral Tablet [Percodan]
637542	aspirin 325 MG / oxycodone hydrochloride 4.5 MG / oxycodone terephthalate 0.38 MG Oral Tablet [Percodan]
637542	Aspirin/Oxycodone Hydrochloride/Oxycodone Terephthalate 325 MG-4.5 MG-0.38 MG Oral Tablet [PERCODAN]
637542	Percodan (aspirin 325 MG / oxycodone hydrochloride 4.5 MG / oxycodone terephthalate 0.38 MG) Oral Tablet
637542	Percodan 4.5mg-0.38mg-325mg Tablet
637542	Percodan, 325 mg-4.5 mg-0.38 mg oral tablet
689511	aspirin / caffeine / codeine
689511	ASPIRIN/CAFFEINE/CODEINE
689512	aspirin / caffeine / dihydrocodeine
689512	Aspirin- and caffeine- and dihydrocodeine-containing product
689512	ASPIRIN/CAFFEINE/DIHYDROCODEINE
689512	Product containing aspirin and caffeine and dihydrocodeine (medicinal product)
689518	ASA/caffeine/propoxyphene
689518	aspirin / caffeine / propoxyphene
689518	Aspirin- and caffeine- and dextropropoxyphene-containing product
689518	Aspirin- and caffeine- and propoxyphene-containing product
689518	ASPIRIN/CAFFEINE/PROPOXYPHENE
689518	Product containing aspirin and caffeine and dextropropoxyphene (medicinal product)
689522	aspirin / carisoprodol / codeine
689522	Aspirin- and carisoprodol- and codeine-containing product
689522	ASPIRIN/CARISOPRODOL/CODEINE
689522	Product containing aspirin and carisoprodol and codeine (medicinal product)
689555	acetaminophen / aspirin / codeine
689555	ACETAMINOPHEN/ASPIRIN/CODEINE
689561	acetaminophen / butalbital / caffeine / codeine
689561	Acetaminophen- and butalbital- and caffeine- and codeine-containing product
689561	Acetaminophen/Butalbital/Caffeine/Codeine
689561	Butalbital- and caffeine- and codeine- and paracetamol-containing product
689561	Product containing butalbital and caffeine and codeine and paracetamol (medicinal product)
689563	acetaminophen / butalbital / codeine
689563	ACETAMINOPHEN/BUTALBITAL/CODEINE
700585	aspirin / butalbital / caffeine / codeine Oral Capsule [Ascomp]
710303	codeine / ibuprofen
710303	codeine and ibuprofen
710303	Codeine- and ibuprofen-containing product
710303	Product containing codeine and ibuprofen (medicinal product)
724134	hydrocodone / ibuprofen Oral Tablet [Reprexain]
724547	ASA 325 MG / Oxycodone Hydrochloride 4.5 MG / oxycodone terephthalate 0.38 MG Oral Tablet [Endodan]
724547	aspirin 325 MG / oxycodone hydrochloride 4.5 MG / oxycodone terephthalate 0.38 MG Oral Tablet [Endodan]
724547	Aspirin/Oxycodone Hydrochloride/Oxycodone Terephthalate 325 MG-4.5 MG-0.38 MG Oral Tablet [ENDODAN]
724547	Endodan 325mg-4.5mg-0.38mg Tablet
724547	Endodan, 325 mg-4.5 mg-0.38 mg oral tablet
724614	ASA 325 MG / Oxycodone Hydrochloride 2.25 MG / oxycodone terephthalate 0.19 MG Oral Tablet
724614	aspirin 325 MG / oxycodone hydrochloride 2.25 MG / oxycodone terephthalate 0.19 MG Oral Tablet
724614	Aspirin 325 mg and oxycodone hydrochloride 2.25 mg and oxycodone terephthalate 190 microgram oral tablet
724614	aspirin-oxycodone 325 mg-2.25 mg-0.19 mg oral tablet
724614	Aspirin/Oxycodone Hydrochloride/Oxycodone Terephthalate 325 MG-2.25 MG-0.19 MG Oral Tablet
724614	oxyCODONE HCl 2.25 MG / oxyCODONE terephthalate 0.19 MG / aspirin 325 MG Oral Tablet
724614	OXYCODONE HCL 2.25MG/OXYCODONE TEREPH 0.19MG/ASA 325MG TAB
724614	Product containing precisely aspirin 325 milligram and oxycodone hydrochloride 2.25 milligram and oxycodone terephthalate 190 microgram/1 each conventional release oral tablet (clinical drug)
758973	hydrocodone / ibuprofen Oral Tablet [Ibudone]
828585	ASA 389 MG / Caffeine 32.4 MG / Propoxyphene Hydrochloride 32 MG Oral Capsule
828585	ASA/caffeine/propoxyphene 389 mg-32.4 mg-32 mg oral capsule
828585	aspirin 389 MG / caffeine 32.4 MG / propoxyphene hydrochloride 32 MG Oral Capsule
828585	Aspirin 389 mg and caffeine 32.4 mg and dextropropoxyphene hydrochloride 32 mg oral capsule
828585	Aspirin 389 mg and caffeine 32.4 mg and propoxyphene hydrochloride 32 mg oral capsule
828585	Aspirin/Caffeine/Propoxyphene Hydrochloride 389 MG-32.4 MG-32 MG Oral Capsule
828585	Product containing precisely aspirin 389 milligram and caffeine 32.4 milligram and dextropropoxyphene hydrochloride 32 milligram/1 each conventional release oral capsule (clinical drug)
828585	propoxyphene HCl 32 MG / aspirin 389 MG / caffeine 32.4 MG / Oral Capsule
828585	PROPOXYPHENE HCL 32MG/ASA 389MG/CAFN 32MG CAP
828594	ASA 389 MG / Caffeine 32.4 MG / Propoxyphene Hydrochloride 65 MG Oral Capsule
828594	ASA/caffeine/propoxyphene 389 mg-32.4 mg-65 mg oral capsule
828594	aspirin 389 MG / caffeine 32.4 MG / propoxyphene hydrochloride 65 MG Oral Capsule
828594	Aspirin 389 mg and caffeine 32.4 mg and dextropropoxyphene hydrochloride 65 mg oral capsule
828594	Aspirin 389 mg and caffeine 32.4 mg and propoxyphene hydrochloride 65 mg oral capsule
828594	Aspirin/Caffeine/Propoxyphene Hydrochloride 389 MG-32.4 MG-65 MG Oral Capsule
828594	Aspirin/Caffeine/Propoxyphene Hydrochloride 389 MG-32.4 MG-65 MG Oral Capsule [BEXOPHENE]
828594	Aspirin/Caffeine/Propoxyphene Hydrochloride 389 MG-32.4 MG-65 MG Oral Capsule [DOXAPHENE COMPOUND]
828594	Aspirin/Caffeine/Propoxyphene Hydrochloride 389 MG-32.4 MG-65 MG Oral Capsule [MARGESIC A-C]
828594	Aspirin/Caffeine/Propoxyphene Hydrochloride 389 MG-32.4 MG-65 MG Oral Capsule [PROPOXYPHENE HCL COMPOUND]
828594	Aspirin/Caffeine/Propoxyphene Hydrochloride, 389 mg-32.4 mg-65 mg oral capsule
828594	Product containing precisely aspirin 389 milligram and caffeine 32.4 milligram and dextropropoxyphene hydrochloride 65 milligram/1 each conventional release oral capsule (clinical drug)
828594	propoxyphene HCl 65 MG / aspirin 389 MG / caffeine 32.4 MG Oral Capsule
828594	PROPOXYPHENE HCL 65MG/ASA 389MG/CAFN 32MG CAP
828594	propoxyphene HCl/aspirin/caffeine 65 mg-389 mg-32.4 mg ORAL CAPSULE
828594	propoxyphene HCl/aspirin/caffeine@65 mg-389 mg-32.4 mg@ORAL@CAPSULE
828594	Propoxyphene Hydrochloride 65mg, Aspirin 389mg, Caffeine 32.4mg Oral capsule
828594	propoxyphene/aspirin/caffeine 65 mg-389 mg-32.4 mg ORAL CAPSULE
848763	Endodan Reformulated May 2009
848765	aspirin / oxycodone Oral Tablet [Endodan Reformulated May 2009]
848768	ASA 325 MG / oxycodone hydrochloride 4.8355 MG Oral Tablet
848768	ASA 325 MG / oxycodone hydrochloride 4.84 MG Oral Tablet
848768	aspirin 325 MG / oxycodone hydrochloride 4.84 MG Oral Tablet
848768	aspirin-oxycodone 325 mg-4.8355 mg oral tablet
848768	Aspirin-Oxycodone, 325 mg-4.8355 mg oral tablet
848768	Aspirin/Oxycodone Hydrochloride 325 MG-4.8355 MG Oral Tablet
848768	oxyCODONE 4.8355 MG / aspirin 325 MG Oral Tablet
848768	OXYCODONE HCL 4.8355MG/ASPIRIN 325MG TAB
848768	oxycodone HCl/aspirin 4.8355 mg-325 mg ORAL TABLET
848768	oxycodone HCl/aspirin@4.8355 mg-325 mg@ORAL@TABLET
848768	OXYCODONE HYDROCHLORIDE 4.8355 mg / ASPIRIN 325 mg ORAL TABLET
848768	Oxycodone Hydrochloride 4.8355mg, Aspirin 325mg Oral tablet
848928	ASA 325 MG / Oxycodone Hydrochloride 4.84 MG Oral Tablet [Endodan Reformulated May 2009]
848928	aspirin 325 MG / oxycodone hydrochloride 4.84 MG Oral Tablet [Endodan Reformulated May 2009]
848928	Aspirin/Oxycodone Hydrochloride 325 MG-4.8355 MG Oral Tablet [ENDODAN]
848928	ENDODAN 4.84 MG / 325 MG Oral Tablet, Reformulated May 2009
848928	Endodan Reformulated May 2009 (ASA 325 MG / oxycodone hydrochloride 4.8355 MG) Oral Tablet
848928	Endodan Tablet
848928	Endodan, 325 mg-4.8355 mg oral tablet
848928	OXYCODONE HYDROCHLORIDE 4.8355 mg / ASPIRIN 325 mg ORAL TABLET [ENDODAN]
857121	ASA 500 MG / Hydrocodone Bitartrate 5 MG Oral Tablet
857121	aspirin 500 MG / hydrocodone bitartrate 5 MG Oral Tablet
857121	Aspirin 500 mg and hydrocodone bitartrate 5 mg oral tablet
857121	aspirin-hydrocodone 500 mg-5 mg oral tablet
857121	Aspirin/Hydrocodone Bitartrate 500 MG-5 MG Oral Tablet
857121	HYDROCODONE 5/ASPIRIN 500MG TAB
857121	HYDROCODONE 5MG/ASPIRIN 500MG TAB
857121	HYDROCODONE BITARTRATE 5 mg / ASPIRIN 500 mg ORAL TABLET
857121	hydrocodone bitartrate/aspirin 5 mg-500 mg ORAL TABLET
857121	hydrocodone bitartrate/aspirin@5 mg-500 mg@ORAL@TABLET
857121	Product containing precisely aspirin 500 milligram and hydrocodone bitartrate 5 milligram/1 each conventional release oral tablet (clinical drug)
858770	HYDROCODONE 2.5/IBUPROFEN 200MG TAB
858770	hydrocodone bitartrate 2.5 MG / ibuprofen 200 MG Oral Tablet
858770	Hydrocodone bitartrate 2.5 mg and ibuprofen 200 mg oral tablet
858770	Hydrocodone Bitartrate 2.5mg, Ibuprofen 200mg Oral tablet
858770	HYDROCODONE BITARTRATE 2.5MG/IBUPROFEN 200MG TAB
858770	Hydrocodone Bitartrate/Ibuprofen 2.5 MG-200 MG Oral Tablet
858770	hydrocodone-ibuprofen 2.5 mg-200 mg oral tablet
858770	Hydrocodone-Ibuprofen, 2.5 mg-200 mg oral tablet
858770	hydrocodone/ibuprofen 2.5 mg-200 mg ORAL TABLET
858770	hydrocodone/ibuprofen@2.5 mg-200 mg@ORAL@TABLET
858770	Product containing precisely hydrocodone bitartrate 2.5 milligram and ibuprofen 200 milligram/1 each conventional release oral tablet (clinical drug)
858772	hydrocodone bitartrate 2.5 MG / ibuprofen 200 MG Oral Tablet [Reprexain]
858772	Hydrocodone Bitartrate/Ibuprofen 2.5 MG-200 MG Oral Tablet [REPREXAIN]
858772	REPREXAIN 2.5 MG / 200 MG Oral Tablet
858772	Reprexain 2.5/200 (hydrocodone bitartrate / ibuprofen) Oral Tablet
858772	Reprexain 2.5/200 Oral Tablet
858772	Reprexain 2.5mg-200mg Tablet
858772	Reprexain, 2.5 mg-200 mg oral tablet
858778	HYDROCODONE 5/IBUPROFEN 200MG TAB
858778	hydrocodone bitartrate 5 MG / ibuprofen 200 MG Oral Tablet
858778	Hydrocodone bitartrate 5 mg and ibuprofen 200 mg oral tablet
858778	Hydrocodone Bitartrate 5mg, Ibuprofen 200mg Oral tablet
858778	HYDROCODONE BITARTRATE 5MG/IBUPROFEN 200MG TAB
858778	Hydrocodone Bitartrate/Ibuprofen 5 MG-200 MG Oral Tablet
858778	Hydrocodone Bitartrate/Ibuprofen 5 MG-200 MG Oral Tablet [HYDROCODONE BITARTRATE-IBUPROFEN]
858778	hydrocodone-ibuprofen 5 mg-200 mg oral tablet
858778	Hydrocodone-Ibuprofen, 5 mg-200 mg oral tablet
858778	hydrocodone/ibuprofen 5 mg-200 mg ORAL TABLET
858778	hydrocodone/ibuprofen@5 mg-200 mg@ORAL@TABLET
858778	Product containing precisely hydrocodone bitartrate 5 milligram and ibuprofen 200 milligram/1 each conventional release oral tablet (clinical drug)
858780	hydrocodone bitartrate 5 MG / ibuprofen 200 MG Oral Tablet [Ibudone]
858780	Hydrocodone Bitartrate/Ibuprofen 5 MG-200 MG Oral Tablet [IBUDONE]
858780	Ibudone (hydrocodone bitartrate 5 MG / ibuprofen 200 MG) Oral Tablet
858780	IBUDONE 5 MG / 200 MG Oral Tablet
858780	Ibudone 5/200 Oral Tablet
858780	Ibudone 5mg-200mg Tablet
858780	Ibudone, 5 mg-200 mg oral tablet
858784	hydrocodone bitartrate 5 MG / ibuprofen 200 MG Oral Tablet [Reprexain]
858784	Hydrocodone Bitartrate 5 mg / Ibuprofen 200 mg ORAL TABLET, FILM COATED [Reprexain]
858784	Hydrocodone Bitartrate/Ibuprofen 5 MG-200 MG Oral Tablet [REPREXAIN]
858784	REPREXAIN 5 MG / 200 MG Oral Tablet
858784	Reprexain 5/200 (hydrocodone / ibuprofen) Oral Tablet
858784	Reprexain 5mg-200mg Tablet
858784	Reprexain, 5 mg-200 mg oral tablet
858798	HYDROCODONE 7.5/IBUPROFEN 200MG TAB
858798	hydrocodone bitartrate 7.5 MG / ibuprofen 200 MG Oral Tablet
858798	HYDROCODONE BITARTRATE 7.5 mg / IBUPROFEN 200 mg ORAL TABLET, COATED
858798	HYDROCODONE BITARTRATE 7.5 mg / IBUPROFEN 200 mg ORAL TABLET, FILM COATED
858798	HYDROCODONE BITARTRATE 7.5 mg / IBUPROFEN 200 mg ORAL TABLET, FILM COATED [Hydrocodone Bitartrate and Ibuprofen]
858798	Hydrocodone bitartrate 7.5 mg and ibuprofen 200 mg oral tablet
858798	Hydrocodone Bitartrate 7.5mg, Ibuprofen 200mg Oral tablet
858798	HYDROCODONE BITARTRATE 7.5MG/IBUPROFEN 200MG TAB
858798	Hydrocodone Bitartrate/Ibuprofen 7.5 MG-200 MG Oral Tablet
858798	Hydrocodone Bitartrate/Ibuprofen 7.5 MG-200 MG Oral Tablet [HYDROCODONE BITARTRATE-IBUPROFEN]
858798	hydrocodone-ibuprofen 7.5 mg-200 mg oral tablet
858798	Hydrocodone-Ibuprofen, 7.5 mg-200 mg oral tablet
858798	hydrocodone/ibuprofen 7.5 mg-200 mg ORAL TABLET
858798	hydrocodone/ibuprofen@7.5 mg-200 mg@ORAL@TABLET
858798	Product containing precisely hydrocodone bitartrate 7.5 milligram and ibuprofen 200 milligram/1 each conventional release oral tablet (clinical drug)
858800	hydrocodone bitartrate 7.5 MG / ibuprofen 200 MG Oral Tablet [Reprexain]
858800	Hydrocodone Bitartrate/Ibuprofen 7.5 MG-200 MG Oral Tablet [REPREXAIN]
858800	Reprexain 7.5/200 (hydrocodone / ibuprofen) Oral Tablet
858800	Reprexain 7.5mg-200mg Tablet
858800	Reprexain, 7.5 mg-200 mg oral tablet
858838	hydrocodone bitartrate 7.5 MG / ibuprofen 200 MG Oral Tablet [Vicoprofen]
858838	HYDROCODONE BITARTRATE 7.5 mg / IBUPROFEN 200 mg ORAL TABLET, COATED [Vicoprofen]
858838	Hydrocodone Bitartrate/Ibuprofen 7.5 MG-200 MG Oral Tablet [VICOPROFEN]
858838	Vicoprofen (hydrocodone bitartrate 7.5 MG / ibuprofen 200 MG) Oral Tablet
858838	Vicoprofen 7.5 MG / 200 MG Oral Tablet
858838	Vicoprofen 7.5mg-200mg Tablet
858838	Vicoprofen, 7.5 mg-200 mg oral tablet
859315	HYDROCODONE 10/IBUPROFEN 200MG TAB
859315	hydrocodone bitartrate 10 MG / ibuprofen 200 MG Oral Tablet
859315	Hydrocodone bitartrate 10 mg and ibuprofen 200 mg oral tablet
859315	Hydrocodone Bitartrate 10mg, Ibuprofen 200mg Oral tablet
859315	HYDROCODONE BITARTRATE 10MG/IBUPROFEN 200MG TAB
859315	Hydrocodone Bitartrate/Ibuprofen 10 MG-200 MG Oral Tablet
859315	hydrocodone-ibuprofen 10 mg-200 mg oral tablet
859315	Hydrocodone-Ibuprofen, 10 mg-200 mg oral tablet
859315	hydrocodone/ibuprofen 10 mg-200 mg ORAL TABLET
859315	hydrocodone/ibuprofen@10 mg-200 mg@ORAL@TABLET
859315	Product containing precisely hydrocodone bitartrate 10 milligram and ibuprofen 200 milligram/1 each conventional release oral tablet (clinical drug)
859317	hydrocodone bitartrate 10 MG / ibuprofen 200 MG Oral Tablet [Ibudone]
859317	Hydrocodone Bitartrate/Ibuprofen 10 MG-200 MG Oral Tablet [IBUDONE]
859317	Ibudone (hydrocodone bitartrate 10 MG / ibuprofen 200 MG) Oral Tablet
859317	IBUDONE 10 MG / 200 MG Oral Tablet
859317	Ibudone 10/200 Oral Tablet
859317	Ibudone 10mg-200mg Tablet
859317	Ibudone, 10 mg-200 mg oral tablet
859331	hydrocodone bitartrate 10 MG / ibuprofen 200 MG Oral Tablet [Reprexain]
859331	Hydrocodone Bitartrate/Ibuprofen 10 MG-200 MG Oral Tablet [REPREXAIN]
859331	Reprexain (hydrocodone bitartrate 10 MG / ibuprofen 200 MG) Oral Tablet
859331	Reprexain 10/200 Oral Tablet
859331	Reprexain 10mg-200mg Tablet
859331	Reprexain, 10 mg-200 mg oral tablet
993943	acetaminophen 325 MG / butalbital 50 MG / caffeine 40 MG / codeine phosphate 30 MG Oral Capsule
993943	Acetaminophen 325 mg and butalbital 50 mg and caffeine 40 mg and codeine phosphate 30 mg oral capsule
993943	acetaminophen/butalbital/caffeine/codeine 325 mg-50 mg-40 mg-30 mg oral capsule
993943	Acetaminophen/Butalbital/Caffeine/Codeine Phosphate 325 MG-50 MG-40 MG-30 MG Oral Capsule
993943	Acetaminophen/Butalbital/Caffeine/Codeine Phosphate 325 MG-50 MG-40 MG-30 MG Oral Capsule [BUT/APAP/CAFF/COD]
993943	Acetaminophen/Butalbital/Caffeine/Codeine Phosphate 325 MG-50 MG-40 MG-30 MG Oral Capsule [BUTALBITAL-APAP-CAFFEINE-CODEINE]
993943	Acetaminophen/Butalbital/Caffeine/Codeine, 325 mg-50 mg-40 mg-30 mg oral capsule
993943	APAP 325 MG / butalbital 50 MG / caffeine 40 MG / codeine phosphate 30 MG Oral Capsule
993943	butalbit/acetamin/caff/codeine 50 mg-325 mg-40 mg-30 mg ORAL CAPSULE
993943	BUTALBITAL 50 mg / ACETAMINOPHEN 325 mg / CAFFEINE 40 mg / CODEINE PHOSPHATE 30 mg ORAL CAPSULE
993943	Butalbital 50 mg and caffeine 40 mg and codeine phosphate 30 mg and paracetamol 325 mg oral capsule
993943	Butalbital 50mg, Acetaminophen 325mg, Caffeine 40mg, Codeine Phosphate 30mg Oral capsule
993943	butalbital/acetaminophen/caffeine/codeine phosphate 50 mg-325 mg-40 mg-30 mg ORAL CAPSULE
993943	butalbital/acetaminophen/caffeine/codeine phosphate@50 mg-325 mg-40 mg-30 mg@ORAL@CAPSULE
993943	CODEINE 30/APAP 325/BUTALB 50MG/CAFN CAP
993943	CODEINE 30MG/APAP 325MG/BUTALBITAL 50MG/CAFN 40MG CAP
993943	CODEINE PHOSPHATE 30 mg / BUTALBITAL 50 mg / CAFFEINE 40 mg / ACETAMINOPHEN 325 mg ORAL CAPSULE
993943	CODEINE PHOSPHATE 30 mg / BUTALBITAL 50 mg / CAFFEINE 40 mg / ACETAMINOPHEN 325 mg ORAL CAPSULE [BUTALBITAL, ACETAMINOPHEN, CAFFEINE, AND CODEINE PHOSPHATE]
993943	Product containing precisely butalbital 50 milligram and caffeine 40 milligram and codeine phosphate 30 milligram and paracetamol 325 milligram/1 each conventional release oral capsule (clinical drug)
993945	acetaminophen 325 MG / butalbital 50 MG / caffeine 40 MG / codeine phosphate 30 MG Oral Capsule [Fioricet with Codeine]
993945	Acetaminophen/Butalbital/Caffeine/Codeine Phosphate 325 MG-50 MG-40 MG-30 MG Oral Capsule [FIORICET WITH CODEINE]
993945	Acetaminophen/Butalbital/Caffeine/Codeine Phosphate Oral Capsule [FIORICET WITH CODEINE]
993945	APAP 325 MG / butalbital 50 MG / Caffeine 40 MG / Codeine Phosphate 30 MG Oral Capsule [Fioricet with Codeine]
993945	Fioricet with Codeine (acetaminophen 325 MG / butalbital 50 MG / caffeine 40 MG / codeine phosphate 30 MG) Oral Capsule
993945	Fioricet with Codeine (APAP 325 MG / butalbital 50 MG / caffeine 40 MG / codeine phosphate 30 MG) Oral Capsule
993945	Fioricet with Codeine 50 MG / 325 MG / 40 MG / 30 MG Oral Capsule
993945	Fioricet with Codeine Capsule
993945	Fioricet with Codeine, 325 mg-50 mg-40 mg-30 mg oral capsule
993950	acetaminophen 325 MG / butalbital 50 MG / caffeine 40 MG / codeine phosphate 30 MG Oral Capsule [Phrenilin with Caffeine and Codeine]
993950	Acetaminophen/Butalbital/Caffeine/Codeine Phosphate 325 MG-50 MG-40 MG-30 MG Oral Capsule [PHRENILIN WITH CAFFEINE AND CODEINE]
993950	APAP 325 MG / butalbital 50 MG / Caffeine 40 MG / Codeine Phosphate 30 MG Oral Capsule [Phrenilin with Caffeine and Codeine]
993950	Phrenilin with Caffeine and Codeine (acetaminophen 325 MG / butalbital 50 MG / caffeine 40 MG / codeine phosphate 30 MG) Oral Capsule
993950	Phrenilin with Caffeine and Codeine (APAP 325 MG / butalbital 50 MG / caffeine 40 MG / codeine phosphate 30 MG) Oral Capsule
993950	Phrenilin with Caffeine and Codeine 50 MG / 30 MG / 325 MG / 40 MG Oral Capsule
993950	Phrenilin with Caffeine and Codeine Capsule
993950	Phrenilin with Caffeine and Codeine, 325 mg-50 mg-40 mg-30 mg oral capsule
994226	ASA 325 MG / carisoprodol 200 MG / codeine phosphate 16 MG Oral Tablet
994226	ASA/Carisoprodol/Codeine Phosphate, 325 mg-200 mg-16 mg oral tablet
994226	aspirin 325 MG / carisoprodol 200 MG / codeine phosphate 16 MG Oral Tablet
994226	Aspirin 325 mg and carisoprodol 200 mg and codeine phosphate 16 mg oral tablet
994226	aspirin/carisoprodol/codeine 325 mg-200 mg-16 mg oral tablet
994226	Aspirin/Carisoprodol/Codeine Phosphate 325 MG-200 MG-16 MG Oral Tablet
994226	Aspirin/Carisoprodol/Codeine Phosphate 325 MG-200 MG-16 MG Oral Tablet [CARISOPRODOL/ASPIRIN/CODEINE]
994226	Carisoprodol 200mg, Aspirin 325mg, Codeine Phosphate 16mg Oral tablet
994226	carisoprodol/aspirin/codeine 200 mg-325 mg-16 mg ORAL TABLET
994226	carisoprodol/aspirin/codeine phosphate 200 mg-325 mg-16 mg ORAL TABLET
994226	carisoprodol/aspirin/codeine phosphate@200 mg-325 mg-16 mg@ORAL@TABLET
994226	CODEINE 16MG/ASA 325MG/CARISOP 200MG TAB
994226	CODEINE 16MG/ASA 325MG/CARISOPRODOL 200MG TAB
994226	codeine phosphate 16 MG / aspirin 325 MG / carisoprodol 200 MG Oral Tablet
994226	Product containing precisely aspirin 325 milligram and carisoprodol 200 milligram and codeine phosphate 16 milligram/1 each conventional release oral tablet (clinical drug)
994228	ASA 325 MG / Carisoprodol 200 MG / Codeine Phosphate 16 MG Oral Tablet [Soma Compound with Codeine]
994228	aspirin 325 MG / carisoprodol 200 MG / codeine phosphate 16 MG Oral Tablet [Soma Compound with Codeine]
994228	Aspirin/Carisoprodol/Codeine Phosphate 325 MG-200 MG-16 MG Oral Tablet [SOMA COMPOUND W/CODEINE]
994228	Soma Compound with Codeine (ASA 325 MG / carisoprodol 200 MG / codeine phosphate 16 MG) Oral Tablet
994228	Soma Compound with Codeine 16 MG / 325 MG / 200 MG Oral Tablet
994228	Soma Compound with Codeine 200mg-325mg-16mg Tablet
994228	Soma Compound with Codeine, 325 mg-200 mg-16 mg oral tablet
994237	ASA 325 MG / butalbital 50 MG / caffeine 40 MG / codeine phosphate 30 MG Oral Capsule
994237	aspirin 325 MG / butalbital 50 MG / caffeine 40 MG / codeine phosphate 30 MG Oral Capsule
994237	Aspirin 325 mg and butalbital 50 mg and caffeine 40 mg and codeine phosphate 30 mg oral capsule
994237	aspirin/butalbital/caffeine/codeine 325 mg-50 mg-40 mg-30 mg oral capsule
994237	Aspirin/Butalbital/Caffeine/Codeine Phosphate 325 MG-50 MG-40 MG-30 MG Oral Capsule
994237	Aspirin/Butalbital/Caffeine/Codeine Phosphate 325 MG-50 MG-40 MG-30 MG Oral Capsule [BUTALBITAL COMPOUND W/CODEINE]
994237	Aspirin/Butalbital/Caffeine/Codeine Phosphate 325 MG-50 MG-40 MG-30 MG Oral Capsule [BUTALBITAL/ASPIRIN/CAFFEINE/CODEINE]
994237	Aspirin/Butalbital/Caffeine/Codeine, 325 mg-50 mg-40 mg-30 mg oral capsule
994237	BUTALBITAL 50 mg / ASPIRIN 325 mg / CAFFEINE 40 mg / CODEINE PHOSPHATE 30 mg ORAL CAPSULE
994237	BUTALBITAL 50 mg / ASPIRIN 325 mg / CAFFEINE 40 mg / CODEINE PHOSPHATE 30 mg ORAL CAPSULE [BUTALBITAL, ASPIRIN, CAFFEINE AND CODEINE PHOSPHATE]
994237	Butalbital 50mg, Aspirin 325mg, Caffeine 40mg, Codeine Phosphate 30mg Oral capsule
994237	CODEINE 30/ASA 325/BUTALB 50MG/CAFN CAP
994237	CODEINE 30MG/ASA 325MG/BUTALBITAL 50MG/CAFN 40MG CAP
994237	Codeine Phosphate 30 MILLIGRAM In 1 CAPSULE / Butalbital 50 MILLIGRAM In 1 CAPSULE / Caffeine 40 MILLIGRAM In 1 CAPSULE / Aspirin 325 MILLIGRAM In 1 CAPSULE ORAL CAPSULE
994237	codeine phosphate/butalbital/aspirin/caffeine 30 mg-50 mg-325 mg-40 mg ORAL CAPSULE
994237	codeine phosphate/butalbital/aspirin/caffeine@30 mg-50 mg-325 mg-40 mg@ORAL@CAPSULE
994237	codeine/butalbital/ASA/caffein 30 mg-50 mg-325 mg-40 mg ORAL CAPSULE
994237	Product containing precisely aspirin 325 milligram and butalbital 50 milligram and caffeine 40 milligram and codeine phosphate 30 milligram/1 each conventional release oral capsule (clinical drug)
994239	ASA 325 MG / butalbital 50 MG / Caffeine 40 MG / Codeine Phosphate 30 MG Oral Capsule [Ascomp]
994239	Ascomp with Codeine (ASA 325 MG / butalbital 50 MG / caffeine 40 MG / codeine phosphate 30 MG) Oral Capsule
994239	Ascomp with Codeine 50 MG / 325 MG / 40 MG / 30 MG Oral Capsule
994239	Ascomp with Codeine Capsule
994239	Ascomp with Codeine, 325 mg-50 mg-40 mg-30 mg oral capsule
994239	aspirin 325 MG / butalbital 50 MG / caffeine 40 MG / codeine phosphate 30 MG Oral Capsule [Ascomp]
994239	Aspirin/Butalbital/Caffeine/Codeine Phosphate 325 MG-50 MG-40 MG-30 MG Oral Capsule [ASCOMP W/CODEINE]
994239	Aspirin/Butalbital/Caffeine/Codeine Phosphate Oral Capsule [ASCOMP W/CODEINE]
994239	BUTALBITAL 50 mg / ASPIRIN 325 mg / CAFFEINE 40 mg / CODEINE PHOSPHATE 30 mg ORAL CAPSULE [Ascomp with Codeine]
994277	ASA 325 MG / butalbital 50 MG / Caffeine 40 MG / Codeine Phosphate 30 MG Oral Capsule [Fiorinal with Codeine]
994277	aspirin 325 MG / butalbital 50 MG / caffeine 40 MG / codeine phosphate 30 MG Oral Capsule [Fiorinal with Codeine]
994277	Aspirin/Butalbital/Caffeine/Codeine Phosphate 325 MG-50 MG-40 MG-30 MG Oral Capsule [FIORINAL W/CODEINE]
994277	Aspirin/Butalbital/Caffeine/Codeine Phosphate Oral Capsule [FIORINAL W/CODEINE]
994277	Fiorinal with Codeine (ASA 325 MG / butalbital 50 MG / caffeine 40 MG / codeine phosphate 30 MG) Oral Capsule
994277	Fiorinal with Codeine (aspirin 325 MG / butalbital 50 MG / caffeine 40 MG / codeine phosphate 30 MG) Oral Capsule
994277	Fiorinal with Codeine 50 MG / 325 MG / 40 MG / 30 MG Oral Capsule
994277	Fiorinal with Codeine Capsule
994277	Fiorinal with Codeine, 325 mg-50 mg-40 mg-30 mg oral capsule
996988	ASA 300 MG / Codeine Phosphate 8 MG Oral Tablet
996988	aspirin 300 MG / codeine phosphate 8 MG Oral Tablet
996988	Aspirin 300 mg and codeine 8 mg oral tablet
996988	codeine phosphate 8 MG / aspirin 300 MG Oral Tablet
996988	Product containing precisely aspirin 300 milligram and codeine 8 milligram/1 each conventional release oral tablet (clinical drug)
996991	ASA 325 MG / Codeine Phosphate 30 MG Oral Tablet
996991	aspirin 325 MG / codeine phosphate 30 MG Oral Tablet
996991	Aspirin 325 mg and codeine 30 mg oral tablet
996991	Aspirin 325mg, Codeine Phosphate 30mg Oral tablet
996991	aspirin-codeine 325 mg-30 mg oral tablet
996991	Aspirin-Codeine Phosphate, 325 mg-30 mg oral tablet
996991	Aspirin/Codeine Phosphate 325 MG-30 MG Oral Tablet
996991	Aspirin/Codeine Phosphate 325 MG-30 MG Oral Tablet [EMPIRIN W/CODEINE]
996991	aspirin/codeine phosphate@325 mg-30 mg@ORAL@TABLET
996991	CODEINE 30MG/AL OH 75MG/ASA 325MG/MG OH 75MG TAB
996991	CODEINE 30MG/ASPIRIN 325MG TAB
996991	codeine phosphate 30 MG / aspirin 325 MG Oral Tablet
996991	codeine phosphate/ASA/buffers 30 mg-325 mg ORAL TABLET
996991	codeine phosphate/aspirin/buffers 30 mg-325 mg ORAL TABLET
996991	codeine phosphate/aspirin/buffers@30 mg-325 mg@ORAL@TABLET
996991	Product containing precisely aspirin 325 milligram and codeine 30 milligram/1 each conventional release oral tablet (clinical drug)
996994	ASA 325 MG / Codeine Phosphate 60 MG Oral Tablet
996994	aspirin 325 MG / codeine phosphate 60 MG Oral Tablet
996994	Aspirin 325 mg and codeine 60 mg oral tablet
996994	Aspirin 325mg, Codeine Phosphate 60mg Oral tablet
996994	aspirin-codeine 325 mg-60 mg oral tablet
996994	Aspirin-Codeine Phosphate, 325 mg-60 mg oral tablet
996994	Aspirin/Codeine Phosphate 325 MG-60 MG Oral Tablet
996994	aspirin/codeine phosphate@325 mg-60 mg@ORAL@TABLET
996994	CODEINE 60MG/ASPIRIN 325MG TAB
996994	codeine phosphate 60 MG / aspirin 325 MG Oral Tablet
996994	Product containing precisely aspirin 325 milligram and codeine 60 milligram/1 each conventional release oral tablet (clinical drug)
997164	codeine phosphate 12.5 MG / ibuprofen 200 MG Oral Tablet
997164	Codeine phosphate 12.5 mg and ibuprofen 200 mg oral tablet
997164	Product containing precisely codeine phosphate 12.5 milligram and ibuprofen 200 milligram/1 each conventional release oral tablet (clinical drug)
997165	codeine phosphate 12.8 MG / ibuprofen 200 MG Oral Tablet
997165	Codeine phosphate 12.8 mg and ibuprofen 200 mg oral tablet
997165	Product containing precisely codeine phosphate 12.8 milligram and ibuprofen 200 milligram/1 each conventional release oral tablet (clinical drug)
997280	codeine phosphate 20 MG / ibuprofen 300 MG Extended Release Oral Tablet
997280	Codeine phosphate 20 mg and ibuprofen 300 mg prolonged-release oral tablet
997280	Product containing precisely codeine phosphate 20 milligram and ibuprofen 300 milligram/1 each prolonged-release oral tablet (clinical drug)
997523	ASA 325 MG / butalbital 50 MG / Caffeine 40 MG / Codeine Phosphate 30 MG Oral Capsule [Fiortal with Codeine]
997523	aspirin 325 MG / butalbital 50 MG / caffeine 40 MG / codeine phosphate 30 MG Oral Capsule [Fiortal with Codeine]
997523	Aspirin/Butalbital/Caffeine/Codeine Phosphate 325 MG-50 MG-40 MG-30 MG Oral Capsule [FIORTAL W/CODEINE]
997523	Fiorital with Codeine Capsule
997523	Fiortal with Codeine (aspirin 325 MG / butalbital 50 MG / caffeine 40 MG / codeine phosphate 30 MG) Oral Capsule
997523	Fiortal with Codeine, 325 mg-50 mg-40 mg-30 mg oral capsule
