1020049	Benzoyl Peroxide 4% Topical application Soap [ZACLIR 4%]
1020049	benzoyl peroxide 40 MG/ML Medicated Liquid Soap [Zaclir]
1020049	Zaclir 4 % Medicated Liquid Soap
1020049	Zaclir 4 % Topical Cleansing Lotion
1020049	Zaclir 4% Topical Cleansing Lotion
1020049	Zaclir 40 MG/ML Medicated Liquid Soap
1020049	Zaclir, 4% topical lotion
1049589	ibuprofen 400 MG / oxycodone hydrochloride 5 MG Oral Tablet
1049589	Ibuprofen 400 mg and oxycodone 5 mg oral tablet
1049589	ibuprofen-oxycodone 400 mg-5 mg oral tablet
1049589	Ibuprofen-Oxycodone Hydrochloride, 400 mg-5 mg oral tablet
1049589	ibuprofen/oxycodone HCl 400 mg-5 mg ORAL TABLET
1049589	ibuprofen/oxycodone HCl@400 mg-5 mg@ORAL@TABLET
1049589	Ibuprofen/Oxycodone Hydrochloride 400 MG-5 MG Oral Tablet
1049589	Ibuprofen/Oxycodone Hydrochloride 400 MG-5 MG Oral Tablet [OXYCODONE HCL-IBUPROFEN]
1049589	oxyCODONE HCl 5 MG / ibuprofen 400 MG Oral Tablet
1049589	OXYCODONE HCL 5MG/IBUPROFEN 400MG TAB
1049589	Oxycodone Hydrochloride 5mg, Ibuprofen 400mg Oral tablet
1049589	Product containing precisely ibuprofen 400 milligram and oxycodone 5 milligram/1 each conventional release oral tablet (clinical drug)
1049591	Combunox (ibuprofen 400 MG / oxycodone HCl 5 MG) Oral Tablet
1049591	Combunox 5 MG / 400 MG Oral Tablet
1049591	Combunox 5mg-400mg Tablet
1049591	Combunox, 400 mg-5 mg oral tablet
1049591	ibuprofen 400 MG / oxycodone hydrochloride 5 MG Oral Tablet [Combunox]
1049591	Ibuprofen/Oxycodone Hydrochloride 400 MG-5 MG Oral Tablet [COMBUNOX]
1049693	ASA 325 MG / Oxycodone Hydrochloride 5 MG Oral Tablet [Roxiprin]
1049693	aspirin 325 MG / oxycodone hydrochloride 5 MG Oral Tablet [Roxiprin]
1049693	Aspirin/Oxycodone Hydrochloride/Oxycodone Terephthalate 325 MG-4.5 MG-0.38 MG Oral Tablet [ROXIPRIN]
1049693	Roxiprin (ASA 325 MG / oxycodone hydrochloride 5 MG) Oral Tablet
1049693	Roxiprin, 325 mg-4.5 mg-0.38 mg oral tablet
1152250	acetaminophen / butalbital / caffeine / codeine Oral Product
1152250	Acetaminophen- and butalbital- and caffeine- and codeine-containing product in oral dose form
1152250	Butalbital- and caffeine- and codeine- and paracetamol-containing product in oral dose form
1152250	Product containing butalbital and caffeine and codeine and paracetamol in oral dose form (medicinal product form)
1153233	aspirin / caffeine / propoxyphene Oral Product
1153233	Aspirin- and caffeine- and dextropropoxyphene-containing product in oral dose form
1153233	Aspirin- and caffeine- and propoxyphene-containing product in oral dose form
1153233	Product containing aspirin and caffeine and dextropropoxyphene in oral dose form (medicinal product form)
1153517	aspirin / caffeine / dihydrocodeine Oral Product
1153517	Aspirin- and caffeine- and dihydrocodeine-containing product in oral dose form
1153517	Product containing aspirin and caffeine and dihydrocodeine in oral dose form (medicinal product form)
1153529	aspirin / carisoprodol / codeine Oral Product
1153529	Aspirin- and carisoprodol- and codeine-containing product in oral dose form
1153529	Product containing aspirin and carisoprodol and codeine in oral dose form (medicinal product form)
1153552	aspirin / codeine Oral Product
1153552	Aspirin- and codeine-containing product in oral dose form
1153552	Product containing aspirin and codeine in oral dose form (medicinal product form)
1153735	aspirin / hydrocodone Oral Product
1153735	Aspirin- and hydrocodone-containing product in oral dose form
1153735	Product containing aspirin and hydrocodone in oral dose form (medicinal product form)
1153749	aspirin / oxycodone Oral Product
1153749	Aspirin- and oxycodone-containing product in oral dose form
1153749	Product containing aspirin and oxycodone in oral dose form (medicinal product form)
1154056	aspirin / butalbital / caffeine / codeine Oral Product
1154056	Aspirin- and butalbital- and caffeine- and codeine-containing product in oral dose form
1154056	Product containing aspirin and butalbital and caffeine and codeine in oral dose form (medicinal product form)
1154818	codeine / ibuprofen Oral Product
1154818	Codeine- and ibuprofen-containing product in oral dose form
1154818	Product containing codeine and ibuprofen in oral dose form (medicinal product form)
1162788	hydrocodone / ibuprofen Oral Product
1162788	Hydrocodone- and ibuprofen-containing product in oral dose form
1162788	Product containing hydrocodone and ibuprofen in oral dose form (medicinal product form)
1165305	ibuprofen / oxycodone Oral Product
1165305	Ibuprofen- and oxycodone-containing product in oral dose form
1165305	Product containing ibuprofen and oxycodone in oral dose form (medicinal product form)
1166579	Ibudone Oral Product
1168324	Fioricet with Codeine Oral Product
1168328	Fiorinal with Codeine Oral Product
1171456	Ascomp Oral Product
1176591	Endodan Reformulated May 2009 Oral Product
1181342	Reprexain Oral Product
1186574	Vicoprofen Oral Product
1234872	ASA 356.4 MG / caffeine 30 MG / dihydrocodeine bitartrate 16 MG Oral Capsule
1234872	aspirin 356.4 MG / caffeine 30 MG / dihydrocodeine bitartrate 16 MG Oral Capsule
1234872	Aspirin 356.4 mg and caffeine 30 mg and dihydrocodeine tartrate 16 mg oral capsule
1234872	Aspirin 356.4mg, Caffeine 30mg, Dihydrocodeine Bitartrate 16mg Oral capsule
1234872	aspirin/caffein/dihydrocodeine 356.4 mg-30 mg-16 mg ORAL CAPSULE
1234872	aspirin/caffeine/dihydrocodeine 356.4 mg-30 mg-16 mg oral capsule
1234872	Aspirin/Caffeine/Dihydrocodeine Bitartrate 356.4 MG-30 MG-16 MG Oral Capsule
1234872	aspirin/caffeine/dihydrocodeine bitartrate@356.4 mg-30 mg-16 mg@ORAL@CAPSULE
1234872	Aspirin/caffeine/dihydrocodeine, 356.4 mg-30 mg-16 mg oral capsule
1234872	DIHYDROCODEINE 16/ASA 356/CAFF 30MG CAP
1234872	DIHYDROCODEINE 16MG/ASA 356MG/CAFN 30MG CAP
1234872	dihydrocodeine bitartrate 16 MG / aspirin 356.4 MG / caffeine 30 MG Oral Capsule
1234872	Product containing precisely aspirin 356.4 milligram and caffeine 30 milligram and dihydrocodeine tartrate 16 milligram/1 each conventional release oral capsule (clinical drug)
1298091	Flurazepam (as flurazepam hydrochloride) 30 mg oral capsule
1298091	flurazepam 30 mg oral capsule
1298091	flurazepam HCl 30 MG Oral Capsule
1298091	FLURAZEPAM HCL 30MG CAP
1298091	flurazepam HCl@30 mg@ORAL@CAPSULE
1298091	flurazepam hydrochloride 30 MG Oral Capsule
1298091	FLURAZEPAM HYDROCHLORIDE 30 mg ORAL CAPSULE [Flurazepam Hydrochloride]
1298091	FLURAZEPAM HYDROCHLORIDE 30 mg ORAL CAPSULE [Flurazepam]
1298091	Flurazepam Hydrochloride 30mg Oral capsule
1298091	Flurazepam Hydrochloride, 30 mg oral capsule
1298091	Product containing precisely flurazepam (as flurazepam hydrochloride) 30 milligram/1 each conventional release oral capsule (clinical drug)
1307619	Bosutinib
1307619	Bosutinib (substance)
1307619	Bosutinib-containing product
1307619	Product containing bosutinib (medicinal product)
135095	aspirin / codeine
135095	Aspirin- and codeine-containing product
135095	aspirin-codeine
135095	ASPIRIN/CODEINE
135095	codeine and acetylsalicylic acid
135095	Product containing aspirin and codeine (medicinal product)
1368180	Terpineol
1368180	Terpineol (substance)
1372693	Ascomp
1372693	Ascomp with Codeine
1372755	Ibudone
1431286	acetaminophen 300 MG / butalbital 50 MG / caffeine 40 MG / codeine phosphate 30 MG Oral Capsule
1431286	acetaminophen/butalbital/caffeine/codeine 300 mg-50 mg-40 mg-30 mg oral capsule
1431286	Acetaminophen/Butalbital/Caffeine/Codeine Phosphate 300 MG-50 MG-40 MG-30 MG Oral Capsule
1431286	Acetaminophen/Butalbital/Caffeine/Codeine, 300 mg-50 mg-40 mg-30 mg oral capsule
1431286	APAP 300 MG / butalbital 50 MG / Caffeine 40 MG / Codeine Phosphate 30 MG Oral Capsule
1431286	butalbit/acetamin/caff/codeine 50 mg-300 mg-40 mg-30 mg ORAL CAPSULE
1431286	BUTALBITAL 50 mg / ACETAMINOPHEN 300 mg / CAFFEINE 40 mg / CODEINE PHOSPHATE 30 mg ORAL CAPSULE
1431286	Butalbital 50mg, Acetaminophen 300mg, Caffeine 40mg, Codeine Phosphate 30mg Oral capsule
1431286	butalbital/acetaminophen/caffeine/codeine phosphate 50 mg-300 mg-40 mg-30 mg ORAL CAPSULE
1431286	butalbital/acetaminophen/caffeine/codeine phosphate@50 mg-300 mg-40 mg-30 mg@ORAL@CAPSULE
1431286	CODEINE 30/APAP 300/BUTALB 50MG/CAFN CAP
1431286	CODEINE 30MG/APAP 300MG/BUTALBITAL 50MG/CAFN 40MG CAP
1433802	acetaminophen 300 MG / butalbital 50 MG / caffeine 40 MG / codeine phosphate 30 MG Oral Capsule [Fioricet with Codeine]
1433802	Acetaminophen/Butalbital/Caffeine/Codeine Phosphate 300 MG-50 MG-40 MG-30 MG Oral Capsule [FIORICET WITH CODEINE]
1433802	APAP 300 MG / butalbital 50 MG / Caffeine 40 MG / Codeine Phosphate 30 MG Oral Capsule [Fioricet with Codeine]
1433802	BUTALBITAL 50 mg / ACETAMINOPHEN 300 mg / CAFFEINE 40 mg / CODEINE PHOSPHATE 30 mg ORAL CAPSULE [Fioricet with Codeine]
1433802	Fioricet with Codeine (APAP 300 MG / butalbital 50 MG / caffeine 40 MG / codeine phosphate 30 MG) Oral Capsule
1433802	Fioricet with Codeine 50 MG / 300 MG / 40 MG / 30 MG Oral Capsule
1433802	Fioricet with Codeine Capsule
1433802	Fioricet with Codeine, 300 mg-50 mg-40 mg-30 mg oral capsule
151172	Deponit
153655	Tasmar 100 MG Oral Tablet
153655	Tasmar 100mg Tablet
153655	Tasmar, 100 mg oral tablet
153655	tolcapone 100 MG Oral Tablet [Tasmar]
153655	Tolcapone 100 mg ORAL TABLET, FILM COATED [Tasmar]
1542983	Xylon
1542985	hydrocodone / ibuprofen Oral Tablet [Xylon]
1542986	Xylon Oral Product
1542988	hydrocodone bitartrate 10 MG / ibuprofen 200 MG Oral Tablet [Xylon]
1542988	Hydrocodone Bitartrate/Ibuprofen 10 MG-200 MG Oral Tablet [XYLON 10]
1542988	Xylon (hydrocodone bitartrate 10 MG / ibuprofen 200 MG) Oral Tablet
1542988	Xylon 10, 10 MG / 200 MG Oral Tablet
1542988	Xylon 10, 10 mg-200 mg oral tablet
1542988	Xylon 10mg-200mg Tablet
154985	nalbuphine HCl
154985	Nalbuphine Hydrochloride
154985	Nalbuphine hydrochloride (substance)
1738503	PARoxetine 30 mg oral tablet
1738503	PARoxetine HCl 30 MG Oral Tablet
1738503	PAROXETINE HCL 30MG TAB
1738503	paroxetine HCl@30 mg@ORAL@TABLET
1738503	paroxetine hydrochloride 30 MG Oral Tablet
1738503	PAROXETINE HYDROCHLORIDE 30 mg ORAL TABLET [Paroxetine]
1738503	PAROXETINE HYDROCHLORIDE 30 mg ORAL TABLET, FILM COATED
1738503	PAROXETINE HYDROCHLORIDE 30 mg ORAL TABLET, FILM COATED [Paroxetine]
1738503	Paroxetine Hydrochloride 30mg Oral tablet
1738503	PAROXETINE HYDROCHLORIDE ANHYDROUS 30 mg ORAL TABLET, FILM COATED
1738503	PAROXETINE HYDROCHLORIDE ANHYDROUS 30 mg ORAL TABLET, FILM COATED [PAROXETINE]
1738503	PAROXETINE HYDROCHLORIDE HEMIHYDRATE 30 mg ORAL TABLET [Paroxetine]
1738503	PAROXETINE HYDROCHLORIDE HEMIHYDRATE 30 mg ORAL TABLET, FILM COATED
1738503	PAROXETINE HYDROCHLORIDE HEMIHYDRATE 30 mg ORAL TABLET, FILM COATED [Paroxetine]
1738503	PARoxetine Hydrochloride, 30 mg oral tablet
1880033	Ibuprofen-Oxycodone Hydrochloride
196479	Norvir
197380	ATENOLOL 25 mg ORAL TABLET
197380	ATENOLOL 25 mg ORAL TABLET [Atenolol]
197380	atenolol 25 MILLIGRAM In 1 TABLET ORAL TABLET [Atenolol]
197380	Atenolol 25mg Oral tablet
197380	ATENOLOL 25MG TAB
197380	ATENOLOL 25MG TAB UD
197380	ATENOLOL 25MG TAB,UD
197380	Atenolol, 25 mg oral tablet
197380	atenolol@25 mg@ORAL@TABLET
197380	Product containing precisely atenolol 25 milligram/1 each conventional release oral tablet (clinical drug)
197447	ASA 325 MG / Carisoprodol 200 MG Oral Tablet
197447	aspirin 325 MG / carisoprodol 200 MG Oral Tablet
197447	Aspirin 325 mg and carisoprodol 200 mg oral tablet
197447	ASPIRIN 325/CARISOPRODOL 200MG TAB
197447	ASPIRIN 325MG/CARISOPRODOL 200MG TAB
197447	aspirin-carisoprodol 325 mg-200 mg oral tablet
197447	Aspirin-Carisoprodol, 325 mg-200 mg oral tablet
197447	Aspirin/Carisoprodol 325 MG-200 MG Oral Tablet
197447	Aspirin/Carisoprodol 325 MG-200 MG Oral Tablet [CARISOPRODOL COMPOUND]
197447	Aspirin/Carisoprodol 325 MG-200 MG Oral Tablet [CARISOPRODOL-ASPIRIN]
197447	CARISOPRODOL 200 mg / ASPIRIN 325 mg ORAL TABLET
197447	Carisoprodol 200mg, Aspirin 325mg Oral tablet
197447	Carisoprodol Compound, 325 mg-200 mg oral tablet
197447	carisoprodol/aspirin 200 mg-325 mg ORAL TABLET
197447	carisoprodol/aspirin@200 mg-325 mg@ORAL@TABLET
197447	Product containing precisely aspirin 325 milligram and carisoprodol 200 milligram/1 each conventional release oral tablet (clinical drug)
197695	fenoprofen 300 mg oral capsule
197695	FENOPROFEN CA 300MG CAP
197695	Fenoprofen calcium 300 mg oral capsule
197695	Fenoprofen Calcium 300mg Oral capsule
197695	Fenoprofen Calcium, 300 mg oral capsule
197695	fenoprofen calcium@300 mg@ORAL@CAPSULE
197695	Product containing precisely fenoprofen calcium 300 milligram/1 each conventional release oral capsule (clinical drug)
197805	Alivio, 400 mg oral tablet
197805	Ibuprofen (as ibuprofen sodium) 400 mg oral tablet
197805	IBUPROFEN 400 mg in 30 oral TABLET, FILM COATED
197805	IBUPROFEN 400 mg in 400 mg ORAL TABLET [Alivio]
197805	IBUPROFEN 400 mg in 537 mg ORAL TABLET [PROBUFEN]
197805	ibuprofen 400 mg oral tablet
197805	IBUPROFEN 400 mg ORAL TABLET [IBUPROFEN]
197805	IBUPROFEN 400 mg ORAL TABLET, COATED [Ibuprofen]
197805	IBUPROFEN 400 mg ORAL TABLET, FILM COATED
197805	IBUPROFEN 400 mg ORAL TABLET, FILM COATED [Ibuprofen]
197805	Ibuprofen 400 MILLIGRAM In 1 TABLET ORAL TABLET, FILM COATED
197805	Ibuprofen 400mg Oral tablet
197805	IBUPROFEN 400MG TAB
197805	IBUPROFEN 400MG TAB UD
197805	IBUPROFEN 400MG TAB,UD
197805	Ibuprofen, 400 mg oral tablet
197805	ibuprofen@400 mg@ORAL@TABLET
197805	Product containing precisely ibuprofen (as ibuprofen sodium) 400 milligram/1 each conventional release oral tablet (clinical drug)
197805	Product containing precisely ibuprofen 400 milligram/1 each conventional release oral tablet (clinical drug)
197878	GBH 1% Shampoo
197878	lindane 1 % Medicated Shampoo
197878	lindane 1 % TOPICAL SHAMPOO
197878	LINDANE 1% SHAMPOO
197878	Lindane 1% Topical application Shampoo
197878	LINDANE 10 mg in 1 mL TOPICAL SHAMPOO
197878	LINDANE 10 mg in 1 mL TOPICAL SHAMPOO, SUSPENSION [Lindane]
197878	lindane 10 MG/ML Medicated Shampoo
197878	Lindane 10 MILLIGRAM In 1 MILLILITER TOPICAL SHAMPOO
197878	lindane topical 1% topical shampoo
197878	Lindane, 1% topical shampoo
197878	lindane@1 %@TOPICAL@SHAMPOO
200220	Product containing precisely tolcapone 100 milligram/1 each conventional release oral tablet (clinical drug)
200220	tolcapone 100 MG Oral Tablet
200220	TOLCAPONE 100 mg ORAL TABLET [TOLCAPONE]
200220	Tolcapone 100 mg ORAL TABLET, FILM COATED
200220	Tolcapone 100mg Oral tablet
200220	TOLCAPONE 100MG TAB
200220	Tolcapone, 100 mg oral tablet
200220	tolcapone@100 mg@ORAL@TABLET
201142	ibuprofen 400 MG Oral Tablet [Motrin]
201142	Motrin 400 MG Oral Tablet
201142	Motrin 400mg Tablet
201142	Motrin, 400 mg oral tablet
203192	N-allylnoroxymorphone hydrochloride
203192	naloxone HCl
203192	Naloxone Hydrochloride
203192	Naloxone hydrochloride (substance)
204427	heparin 10 units/mL injectable kit
206904	Dolgesic 400 MG Oral Tablet
206904	Dolgesic, 400 mg oral tablet
206904	ibuprofen 400 MG Oral Tablet [Dolgesic]
206905	Ibu 400 MG Oral Tablet
206905	IBU 400mg Tablet
206905	Ibu-4, 400 mg oral tablet
206905	IBU, 400 mg oral tablet
206905	Ibuprofen 400 MG Oral Tablet [IBU-4]
206905	IBUPROFEN 400 mg ORAL TABLET [IBU]
206906	Ibu-Tab 400 MG Oral Tablet
206906	Ibu-Tab, 400 mg oral tablet
206906	ibuprofen 400 MG Oral Tablet [Ibu-Tab]
206907	ibuprofen 400 MG Oral Tablet [Rufen]
206907	Rufen 400 MG Oral Tablet
206907	Rufen, 400 mg oral tablet
206908	ibuprofen 400 MG Oral Tablet [Saleto-400]
206908	Ibuprofen 400 MG Oral Tablet [SALETO]
206908	Saleto-400 400 MG Oral Tablet
206908	Saleto-400, 400 mg oral tablet
208583	Benzoyl Peroxide 4% Topical application Lotion [BREVOXYL-4 CREAMY WASH]
208583	Benzoyl Peroxide 4% Topical application Lotion [BREVOXYL-4]
208583	benzoyl peroxide 40 MG/ML Topical Lotion [Brevoxyl]
208583	Brevoxyl 4 % Topical Lotion
208583	Brevoxyl Creamy Wash, 4% topical lotion
208583	Brevoxyl-4 4 % Topical Lotion
208583	Brevoxyl-4 40 MG/ML Topical Lotion
208583	Brevoxyl-4 Cleansing Topical Lotion
208583	Brevoxyl, 4% topical lotion
2110913	Hydrocodone and ibuprofen only product
2110913	Product containing only hydrocodone and ibuprofen (medicinal product)
2110914	Hydrocodone and ibuprofen only product in oral dose form
2110914	Product containing only hydrocodone and ibuprofen in oral dose form (medicinal product form)
2111464	Aspirin and butalbital and caffeine and codeine only product
2111464	Product containing only aspirin and butalbital and caffeine and codeine (medicinal product)
2111465	Aspirin and butalbital and caffeine and codeine only product in oral dose form
2111465	Product containing only aspirin and butalbital and caffeine and codeine in oral dose form (medicinal product form)
2111469	Aspirin and caffeine and dihydrocodeine only product
2111469	Product containing only aspirin and caffeine and dihydrocodeine (medicinal product)
2111470	Aspirin and caffeine and dihydrocodeine only product in oral dose form
2111470	Product containing only aspirin and caffeine and dihydrocodeine in oral dose form (medicinal product form)
2111473	Aspirin and caffeine and dextropropoxyphene only product
2111473	Aspirin and caffeine and propoxyphene only product
2111473	Product containing only aspirin and caffeine and dextropropoxyphene (medicinal product)
2111474	Aspirin and caffeine and dextropropoxyphene only product in oral dose form
2111474	Aspirin and caffeine and propoxyphene only product in oral dose form
2111474	Product containing only aspirin and caffeine and dextropropoxyphene in oral dose form (medicinal product form)
2111476	Aspirin and carisoprodol and codeine only product
2111476	Product containing only aspirin and carisoprodol and codeine (medicinal product)
2111477	Aspirin and carisoprodol and codeine only product in oral dose form
2111477	Product containing only aspirin and carisoprodol and codeine in oral dose form (medicinal product form)
2111480	Aspirin and codeine only product
2111480	Product containing only aspirin and codeine (medicinal product)
2111481	Aspirin and codeine only product in oral dose form
2111481	Product containing only aspirin and codeine in oral dose form (medicinal product form)
2111486	Aspirin and hydrocodone only product
2111486	Product containing only aspirin and hydrocodone (medicinal product)
2111487	Aspirin and hydrocodone only product in oral dose form
2111487	Product containing only aspirin and hydrocodone in oral dose form (medicinal product form)
2111684	Aspirin and oxycodone only product
2111684	Product containing only aspirin and oxycodone (medicinal product)
2111685	Aspirin and oxycodone only product in oral dose form
2111685	Product containing only aspirin and oxycodone in oral dose form (medicinal product form)
2111687	Aspirin and pentazocine only product
2111687	Product containing only aspirin and pentazocine (medicinal product)
2112271	Acetaminophen and butalbital and caffeine and codeine only product
2112271	Butalbital and caffeine and codeine and paracetamol only product
2112271	Product containing only butalbital and caffeine and codeine and paracetamol (medicinal product)
2112272	Acetaminophen and butalbital and caffeine and codeine only product in oral dose form
2112272	Butalbital and caffeine and codeine and paracetamol only product in oral dose form
2112272	Product containing only butalbital and caffeine and codeine and paracetamol in oral dose form (medicinal product form)
2112924	Ibuprofen and oxycodone only product
2112924	Product containing only ibuprofen and oxycodone (medicinal product)
2112925	Ibuprofen and oxycodone only product in oral dose form
2112925	Product containing only ibuprofen and oxycodone in oral dose form (medicinal product form)
2113166	Codeine and ibuprofen only product
2113166	Product containing only codeine and ibuprofen (medicinal product)
2113167	Codeine and ibuprofen only product in oral dose form
2113167	Product containing only codeine and ibuprofen in oral dose form (medicinal product form)
2120907	Siponimod Fumarate
214160	aspirin / butalbital / caffeine / codeine
214160	Aspirin- and butalbital- and caffeine- and codeine-containing product
214160	ASPIRIN/BUTALBITAL/CAFFEINE/CODEINE
214160	Butalbital/Aspirin/Caffeine/Codeine
214160	Product containing aspirin and butalbital and caffeine and codeine (medicinal product)
214253	aspirin / hydrocodone
214253	Aspirin- and hydrocodone-containing product
214253	aspirin-hydrocodone
214253	ASPIRIN/HYDROCODONE
214253	Product containing aspirin and hydrocodone (medicinal product)
214255	aspirin / methocarbamol
214255	Aspirin- and methocarbamol-containing product
214255	Aspirin-Methocarbamol
214255	ASPIRIN/METHOCARBAMOL
214255	Product containing aspirin and methocarbamol (medicinal product)
214256	aspirin / oxycodone
214256	Aspirin- and oxycodone-containing product
214256	Aspirin-Oxycodone
214256	ASPIRIN/OXYCODONE
214256	Product containing aspirin and oxycodone (medicinal product)
214257	aspirin / pentazocine
214257	Aspirin- and pentazocine-containing product
214257	aspirin-pentazocine
214257	ASPIRIN/PENTAZOCINE
214257	Product containing aspirin and pentazocine (medicinal product)
214627	hydrocodone / ibuprofen
214627	hydrocodone and ibuprofen
214627	Hydrocodone- and ibuprofen-containing product
214627	Hydrocodone-Ibuprofen
214627	HYDROCODONE/IBUPROFEN
214627	Product containing hydrocodone and ibuprofen (medicinal product)
214948	ASA/Carisoprodol/Codeine Phosphate
215274	Anatuss LA
215451	aspirin / oxycodone hydrochloride / oxycodone terephthalate
215451	Aspirin/Oxycodone HCl/Oxycodone Terephthalate
215992	Cheratussin DAC
217126	Fioricet with Codeine
217127	Fiorinal with Codeine
220826	Vicoprofen
227224	fluoxetine (as hydrochloride)
227224	fluoxetine HCl
227224	Fluoxetine Hydrochloride
227224	Fluoxetine hydrochloride (substance)
235774	morphine tartrate
235774	Morphine tartrate (substance)
235850	Vitamin B Compound Strong
235850	vitamin B compound, strong
2588479	Seglentis
308690	benzoyl peroxide 4 % Topical Lotion
308690	benzoyl peroxide 4 % TOPICAL LOTION (GRAM)
308690	Benzoyl Peroxide 4% Topical lotion
308690	benzoyl peroxide 40 MG/ML Topical Lotion
308690	benzoyl peroxide topical 4% topical lotion
308690	benzoyl peroxide@4 %@TOPICAL@LOTION (GRAM)
310963	Children's Ibuprofen, 100 mg oral tablet, chewable
310963	CVS Children's Ibuprofen 100mg Chewable Tablet (Orange)
310963	CVS Junior Ibuprofen 100mg Chewable Tablet (Grape)
310963	CVS Junior Ibuprofen 100mg Chewable Tablet (Orange)
310963	GNP Children's Ibuprofen 100mg Chewable Tablet (Orange)
310963	GNP Junior Ibuprofen 100mg Chewable Tablet (Grape)
310963	GNP Junior Ibuprofen 100mg Chewable Tablet (Orange)
310963	GoodSense Junior Ibuprofen 100mg Chewable Tablet
310963	Health Mart Junior Ibuprofen IB 100mg Chewable Tablet
310963	Health Mart Junior Strength Ibuprofen IB 100mg Chewable Tablet (Orange)
310963	Ibuprofen 100 mg chewable tablet
310963	ibuprofen 100 mg oral tablet, chewable
310963	IBUPROFEN 100 mg ORAL TABLET, CHEWABLE [Basic Care Childrens Ibuprofen]
310963	Ibuprofen 100 MG Oral Tablet, Chewable [BASIC CARE IBUPROFEN]
310963	IBUPROFEN 100 mg ORAL TABLET, CHEWABLE [careone childrens ibuprofen]
310963	IBUPROFEN 100 mg ORAL TABLET, CHEWABLE [caring mill childrens ibuprofen]
310963	IBUPROFEN 100 mg ORAL TABLET, CHEWABLE [childrens ibuprofen 100]
310963	IBUPROFEN 100 mg ORAL TABLET, CHEWABLE [childrens ibuprofen]
310963	IBUPROFEN 100 mg ORAL TABLET, CHEWABLE [equaline childrens ibuprofen]
310963	Ibuprofen 100 MG Oral Tablet, Chewable [EQUATE IBUPROFEN JUNIOR STRENGTH]
310963	IBUPROFEN 100 mg ORAL TABLET, CHEWABLE [equate ibuprofen]
310963	Ibuprofen 100 MG Oral Tablet, Chewable [EQULAINE IBUPROFEN]
310963	Ibuprofen 100 MG Oral Tablet, Chewable [FAMILY PHARMACY IBUPROFEN JUNIOR]
310963	IBUPROFEN 100 mg ORAL TABLET, CHEWABLE [foster and thrive childrens ibuprofen ib]
310963	Ibuprofen 100 MG Oral Tablet, Chewable [FOSTER&THRIVE CHILDREN'S IBUPROFEN IB]
310963	Ibuprofen 100 MG Oral Tablet, Chewable [GOOD NEIGHBOR IBUPROFEN JUNIOR STRENGTH]
310963	Ibuprofen 100 MG Oral Tablet, Chewable [GOOD NEIGHBOR PHARMACY CHILDREN'S IBUPROFEN]
310963	IBUPROFEN 100 mg ORAL TABLET, CHEWABLE [Good Neighbor Pharmacy Childrens Ibuprofen]
310963	Ibuprofen 100 MG Oral Tablet, Chewable [GOOD NEIGHBOR PHARMACY IBUPROFEN JUNIOR STRENGTH]
310963	IBUPROFEN 100 mg ORAL TABLET, CHEWABLE [Good Neighbor Pharmacy Ibuprofen]
310963	IBUPROFEN 100 mg ORAL TABLET, CHEWABLE [Good Sense Childrens Ibuprofen]
310963	Ibuprofen 100 MG Oral Tablet, Chewable [GOOD SENSE IBUPROFEN JUNIOR STRENGTH]
310963	IBUPROFEN 100 mg ORAL TABLET, CHEWABLE [Good Sense ibuprofen]
310963	IBUPROFEN 100 mg ORAL TABLET, CHEWABLE [Health Mart childrens ibuprofen ib]
310963	Ibuprofen 100 MG Oral Tablet, Chewable [HEALTH MART IBUPROFEN]
310963	Ibuprofen 100 MG Oral Tablet, Chewable [IBUPROFEN JR]
310963	Ibuprofen 100 MG Oral Tablet, Chewable [IBUPROFEN JUNIOR STRENGTH]
310963	IBUPROFEN 100 mg ORAL TABLET, CHEWABLE [Ibuprofen Junior]
310963	IBUPROFEN 100 mg ORAL TABLET, CHEWABLE [Leader Ibuprofen]
310963	Ibuprofen 100 MG Oral Tablet, Chewable [LEADER JUNIOR STRENGTH IBUPROFEN]
310963	IBUPROFEN 100 mg ORAL TABLET, CHEWABLE [rexall ibuprofen]
310963	IBUPROFEN 100 mg ORAL TABLET, CHEWABLE [signature care childrens ibuprofen]
310963	Ibuprofen 100 MG Oral Tablet, Chewable [SUNMARK CHILDREN'S IBUPROFEN IB]
310963	IBUPROFEN 100 mg ORAL TABLET, CHEWABLE [sunmark childrens ibuprofen ib]
310963	Ibuprofen 100 MG Oral Tablet, Chewable [THE MEDICINE SHOPPE MEDI-PROFEN]
310963	IBUPROFEN 100 mg ORAL TABLET, CHEWABLE [topcare childrens ibuprofen]
310963	Ibuprofen 100 MG Oral Tablet, Chewable [TOPCARE IBUPROFEN]
310963	IBUPROFEN 100 mg ORAL TABLET, CHEWABLE [Up and Up Childrens Ibuprofen]
310963	ibuprofen 100 mg ORAL TABLET,CHEWABLE
310963	IBUPROFEN 100MG CHEW TAB
310963	Ibuprofen 100mg Chewable tablet
310963	IBUPROFEN 100MG TAB,CHEW
310963	Ibuprofen, 100 mg oral tablet, chewable
310963	ibuprofen@100 mg@ORAL@TABLET,CHEWABLE
310963	Leader Junior Ibuprofen 100mg Chewable Tablet (Grape)
310963	Leader Junior Ibuprofen 100mg Chewable Tablet (Orange)
310963	Product containing precisely ibuprofen 100 milligram/1 each conventional release chewable tablet (clinical drug)
310963	Publix Junior Ibuprofen 100mg Chewable Tablet
310963	RITE AID Junior Ibuprofen 100mg Chewable Tablet
310963	RITE AID Junior Ibuprofen 100mg Chewable Tablet (Grape)
310963	Sunmark Junior Ibuprofen IB 100mg Chewable Tablet
310963	Top Care Junior Ibuprofen 100mg Chewable Tablet
310963	Walgreens Junior Ibuprofen 100mg Chewable Tablet (Orange)
325526	American ginseng
325526	Ginseng
325526	ginseng extract
325526	Ginseng extract (substance)
325526	ginseng preparation
36387	Product containing senna (medicinal product)
36387	Product containing sennoside (medicinal product)
36387	Senna
36387	Senna (substance)
36387	senna glycosides
36387	Senna-containing product
36387	Sennoside
36387	Sennoside (substance)
36387	sennoside A&B (obsolete)
36387	Sennoside-containing product
36387	Sennosides
36387	Sennosides A and B
36387	sennosides, USP
366384	aspirin / butalbital / caffeine / codeine Oral Capsule [Fiorinal with Codeine]
366536	acetaminophen / butalbital / caffeine / codeine Oral Capsule [Fioricet with Codeine]
368308	hydrocodone / ibuprofen Oral Tablet [Vicoprofen]
370643	aspirin / hydrocodone Oral Tablet
370676	hydrocodone / ibuprofen Oral Tablet
370943	aspirin / codeine Oral Tablet
372455	codeine / ibuprofen Oral Tablet
372456	codeine / ibuprofen Extended Release Oral Tablet
374702	aspirin / caffeine / propoxyphene Oral Capsule
374711	aspirin / oxycodone Oral Tablet
374711	Oxycodone and Aspirin Tablets
374756	aspirin / butalbital / caffeine / codeine Oral Capsule
374757	aspirin / caffeine / dihydrocodeine Oral Capsule
374757	aspirin/caffeine/dihydrocodein ORAL CAPSULE
374757	aspirin/caffeine/dihydrocodeine ORAL CAPSULE
374757	aspirin/caffeine/dihydrocodeine@@ORAL@CAPSULE
374760	aspirin / carisoprodol / codeine Oral Tablet
374830	acetaminophen / butalbital / caffeine / codeine Oral Capsule
4055	Erythromycin Estolate
4055	Erythromycin estolate (substance)
4055	Erythromycin propionate lauryl sulfate
4055	Erythromycin propionate lauryl sulphate
483322	ibuprofen / oxycodone Oral Tablet
484259	ibuprofen / oxycodone
484259	Ibuprofen- and oxycodone-containing product
484259	ibuprofen-oxycodone
484259	oxycodone and ibuprofen
484259	OXYCODONE/IBUPROFEN
484259	Product containing ibuprofen and oxycodone (medicinal product)
53750	26-(Nonylphenoxy)-3,6,9,12,15,18,21,24-octaoxahexacosan-1-ol
53750	Nonaethylene glycol mono(nonylphenyl) ether
53750	Nonaethylene glycol nonylphenyl ether
53750	Nonoxynol 9
53750	Nonoxynol-9
53750	Nonylphenol octa(oxyethylene) ethanol
53750	P-Nonylphenyl polyethylene glycol ether
53750	PEG-9 nonyl phenyl ether
53750	Polyoxyethylene (9) nonyl phenyl ether
579458	Reprexain
637540	ASA 325 MG / Oxycodone Hydrochloride 4.5 MG / oxycodone terephthalate 0.38 MG Oral Tablet
637540	aspirin 325 MG / oxycodone hydrochloride 4.5 MG / oxycodone terephthalate 0.38 MG Oral Tablet
637540	Aspirin 325 mg and oxycodone hydrochloride 4.5 mg and oxycodone terephthalate 380 microgram oral tablet
637540	aspirin-oxycodone 325 mg-4.5 mg-0.38 mg oral tablet
637540	Aspirin-Oxycodone, 325 mg-4.5 mg-0.38 mg oral tablet
637540	Aspirin/Oxycodone HCl/Oxycodone Terephthalate, 325 mg-4.5 mg-0.38 mg oral tablet
637540	Aspirin/Oxycodone Hydrochloride/Oxycodone Terephthalate 325 MG-4.5 MG-0.38 MG Oral Tablet
637540	Aspirin/Oxycodone Hydrochloride/Oxycodone Terephthalate 325 MG-4.5 MG-0.38 MG Oral Tablet [OXYCODONE HCL-ASPIRIN]
637540	OXYCODONE 4.88MG/ASA 325MG TAB
637540	oxyCODONE HCl 4.5 MG / oxyCODONE terephthalate 0.38 MG / aspirin 325 MG Oral Tablet
637540	OXYCODONE HCL 4.5MG/OXYCODONE TEREPH 0.38MG/ASA 325MG TAB
637540	oxycodone HCl,terephth/aspirin 4.5 mg-0.38 mg-325 mg ORAL TABLET
637540	oxycodone HCl/oxycodone terephthalate/aspirin 4.5 mg-0.38 mg-325 mg ORAL TABLET
637540	oxycodone HCl/oxycodone terephthalate/aspirin@4.5 mg-0.38 mg-325 mg@ORAL@TABLET
637540	OXYCODONE HYDROCHLORIDE 4.5 mg / OXYCODONE TEREPHTHALATE 0.38 mg / ASPIRIN 325 mg ORAL TABLET [Oxycodone and Aspirin]
637540	Oxycodone Hydrochloride 4.5mg, Oxycodone Terephthalate 0.38mg, Aspirin 325mg Oral tablet
637540	Product containing precisely aspirin 325 milligram and oxycodone hydrochloride 4.5 milligram and oxycodone terephthalate 380 microgram/1 each conventional release oral tablet (clinical drug)
637542	ASA 325 MG / Oxycodone Hydrochloride 4.5 MG / oxycodone terephthalate 0.38 MG Oral Tablet [Percodan]
637542	aspirin 325 MG / oxycodone hydrochloride 4.5 MG / oxycodone terephthalate 0.38 MG Oral Tablet [Percodan]
637542	Aspirin/Oxycodone Hydrochloride/Oxycodone Terephthalate 325 MG-4.5 MG-0.38 MG Oral Tablet [PERCODAN]
637542	Percodan (aspirin 325 MG / oxycodone hydrochloride 4.5 MG / oxycodone terephthalate 0.38 MG) Oral Tablet
637542	Percodan 4.5mg-0.38mg-325mg Tablet
637542	Percodan, 325 mg-4.5 mg-0.38 mg oral tablet
658708	Ecallantide
658708	Ecallantide (substance)
658708	Ecallantide-containing product
658708	Product containing ecallantide (medicinal product)
689511	aspirin / caffeine / codeine
689511	ASPIRIN/CAFFEINE/CODEINE
689512	aspirin / caffeine / dihydrocodeine
689512	Aspirin- and caffeine- and dihydrocodeine-containing product
689512	ASPIRIN/CAFFEINE/DIHYDROCODEINE
689512	Product containing aspirin and caffeine and dihydrocodeine (medicinal product)
689518	ASA/caffeine/propoxyphene
689518	aspirin / caffeine / propoxyphene
689518	Aspirin- and caffeine- and dextropropoxyphene-containing product
689518	Aspirin- and caffeine- and propoxyphene-containing product
689518	ASPIRIN/CAFFEINE/PROPOXYPHENE
689518	Product containing aspirin and caffeine and dextropropoxyphene (medicinal product)
689522	aspirin / carisoprodol / codeine
689522	Aspirin- and carisoprodol- and codeine-containing product
689522	ASPIRIN/CARISOPRODOL/CODEINE
689522	Product containing aspirin and carisoprodol and codeine (medicinal product)
689555	acetaminophen / aspirin / codeine
689555	ACETAMINOPHEN/ASPIRIN/CODEINE
689561	acetaminophen / butalbital / caffeine / codeine
689561	Acetaminophen- and butalbital- and caffeine- and codeine-containing product
689561	Acetaminophen/Butalbital/Caffeine/Codeine
689561	Butalbital- and caffeine- and codeine- and paracetamol-containing product
689561	Product containing butalbital and caffeine and codeine and paracetamol (medicinal product)
689563	acetaminophen / butalbital / codeine
689563	ACETAMINOPHEN/BUTALBITAL/CODEINE
700585	aspirin / butalbital / caffeine / codeine Oral Capsule [Ascomp]
710303	codeine / ibuprofen
710303	codeine and ibuprofen
710303	Codeine- and ibuprofen-containing product
710303	Product containing codeine and ibuprofen (medicinal product)
71484	flurazepam HCl
71484	Flurazepam Hydrochloride
71484	Flurazepam hydrochloride (substance)
724134	hydrocodone / ibuprofen Oral Tablet [Reprexain]
7242	(-)-naloxone
7242	1-N-Allyl-14-hydroxynordihydromorphinone
7242	17-allyl-3,14-dihydroxy-4,5Î±-epoxymorphinan-6-one
7242	Nalossone
7242	Naloxona
7242	Naloxone
7242	Naloxone (substance)
7242	Naloxone-containing product
7242	Naloxonum
7242	Product containing naloxone (medicinal product)
724547	ASA 325 MG / Oxycodone Hydrochloride 4.5 MG / oxycodone terephthalate 0.38 MG Oral Tablet [Endodan]
724547	aspirin 325 MG / oxycodone hydrochloride 4.5 MG / oxycodone terephthalate 0.38 MG Oral Tablet [Endodan]
724547	Aspirin/Oxycodone Hydrochloride/Oxycodone Terephthalate 325 MG-4.5 MG-0.38 MG Oral Tablet [ENDODAN]
724547	Endodan 325mg-4.5mg-0.38mg Tablet
724547	Endodan, 325 mg-4.5 mg-0.38 mg oral tablet
724614	ASA 325 MG / Oxycodone Hydrochloride 2.25 MG / oxycodone terephthalate 0.19 MG Oral Tablet
724614	aspirin 325 MG / oxycodone hydrochloride 2.25 MG / oxycodone terephthalate 0.19 MG Oral Tablet
724614	Aspirin 325 mg and oxycodone hydrochloride 2.25 mg and oxycodone terephthalate 190 microgram oral tablet
724614	aspirin-oxycodone 325 mg-2.25 mg-0.19 mg oral tablet
724614	Aspirin/Oxycodone Hydrochloride/Oxycodone Terephthalate 325 MG-2.25 MG-0.19 MG Oral Tablet
724614	oxyCODONE HCl 2.25 MG / oxyCODONE terephthalate 0.19 MG / aspirin 325 MG Oral Tablet
724614	OXYCODONE HCL 2.25MG/OXYCODONE TEREPH 0.19MG/ASA 325MG TAB
724614	Product containing precisely aspirin 325 milligram and oxycodone hydrochloride 2.25 milligram and oxycodone terephthalate 190 microgram/1 each conventional release oral tablet (clinical drug)
731536	Advil 100 MG Chewable Tablet
731536	Advil Junior Strength 100 MG Chewable Tablet
731536	Advil Junior Strength 100mg Chewable Tablet
731536	Advil Junior Strength 100mg Chewable Tablet (Grape)
731536	Advil Junior Strength, 100 mg oral tablet, chewable
731536	ibuprofen 100 MG Chewable Tablet [Advil]
731536	IBUPROFEN 100 mg ORAL TABLET, CHEWABLE [JUNIOR STRENGTH ADVIL]
756221	Iron Polysaccharide 100 MG/5 ML Oral Elixir [NIFEREX]
756221	Niferex (iron polysaccharide), (as elemental iron) 100 mg/5 mL oral elixir
756221	Niferex 100 MG per 5 ML Oral Elixir
756221	Niferex 20 MG/ML Oral Solution
756221	Niferex Elixir 100mg Oral Solution
756221	polysaccharide iron complex 20 MG/ML Oral Solution [Niferex]
756222	Iron Polysaccharide 100 MG/5 ML Oral Elixir [NU-IRON]
756222	Nu-Iron 100 MG per 5 ML Oral Solution
756222	Nu-Iron 20 MG/ML Oral Solution
756222	Nu-Iron, (as elemental iron) 100 mg/5 mL oral elixir
756222	polysaccharide iron complex 20 MG/ML Oral Solution [Nu-Iron]
756336	IRON (POLYSACCHARIDE COMPLEX) 100MG/5ML ELIXIR
756336	iron polysaccharide (as elemental iron) 100 mg/5 mL oral elixir
756336	iron polysaccharide (as elemental iron) 100 mg/5 mL oral liquid
756336	Iron Polysaccharide 100 MG/5 ML Oral Elixir
756336	Iron Polysaccharide 100 MG/5 ML Oral Elixir [FERRIC PS]
756336	IRON POLYSACCHARIDE 100MG/5ML ELIXIR
756336	iron polysaccharide complex 100 mg iron/5 mL ORAL ELIXIR
756336	iron polysaccharide complex 100 mg iron/5 mL ORAL LIQUID (ML)
756336	iron polysaccharide complex@100 mg iron/5 mL@ORAL@ELIXIR
756336	iron polysaccharide complex@100 mg iron/5 mL@ORAL@LIQUID (ML)
756336	polysaccharide iron complex 100 MG per 5 ML Elixir
756336	polysaccharide iron complex 100 MG per 5 mL Oral Solution
756336	polysaccharide iron complex 20 MG/ML Oral Solution
758973	hydrocodone / ibuprofen Oral Tablet [Ibudone]
7674	opipramol
7674	Opipramol (substance)
7674	Opipramol-containing product
7674	Product containing opipramol (medicinal product)
792242	Children's Motrin, 100 mg oral tablet, chewable
792242	ibuprofen 100 MG Chewable Tablet [Motrin]
792242	Ibuprofen 100 MG Oral Tablet, Chewable [CHILDREN'S MOTRIN]
792242	IBUPROFEN 100 mg ORAL TABLET, CHEWABLE [Childrens Motrin]
792242	Ibuprofen 100 MG Oral Tablet, Chewable [MOTRIN JUNIOR STRENGTH]
792242	Ibuprofen 100 MG Oral Tablet, Chewable [MOTRIN JUNIOR]
792242	Ibuprofen 100 MG Oral Tablet, Chewable [MOTRIN]
792242	Motrin 100 MG Chewable Tablet
792242	Motrin Children's 100mg Chewable Tablet (Grape)
792242	Motrin Children's 100mg Dye-Free Chewable Tablet (Grape)
792242	Motrin Childrens, 100 mg oral tablet, chewable
792242	Motrin Junior 100mg Chewable Tablet (Grape)
792242	Motrin Junior 100mg Chewable Tablet (Orange)
792242	Motrin Junior Strength 100 MG Chewable Tablet
792242	Motrin Junior Strength, 100 mg oral tablet, chewable
809316	Acne Foaming Cream Face Cleanser, 4% topical cream
809316	benzoyl peroxide & skin cleanser combination no.5 4 % TOPICAL KIT
809316	benzoyl peroxide & skin cleanser combination no.5@4 %@TOPICAL@KIT
809316	benzoyl peroxide 4 % Medicated Liquid Soap
809316	benzoyl peroxide 4 % TOPICAL CLEANSER (GRAM)
809316	benzoyl peroxide 4 % TOPICAL CLEANSER (ML)
809316	benzoyl peroxide 4 % Topical Wash
809316	Benzoyl Peroxide 4 g in 100 g TOPICAL CREAM [Creamy Acne Face Wash]
809316	BENZOYL PEROXIDE 4 g in 100 g TOPICAL CREAM [CRMY ACNE WASH CVS]
809316	BENZOYL PEROXIDE 4% CLEANSER CREAM,TOP
809316	BENZOYL PEROXIDE 4% CLEANSER TOP CREAM
809316	BENZOYL PEROXIDE 4% CLEANSING LOTION
809316	Benzoyl Peroxide 4% Topical application Lotion
809316	Benzoyl Peroxide 4% Topical application Lotion [BP CLEANSING LOTION]
809316	Benzoyl Peroxide 4% Topical application Soap
809316	Benzoyl Peroxide 4% Topical application Soap [BENZOYL PEROXIDE CREAMY WASH]
809316	Benzoyl Peroxide 4% Topical application Soap [PANOXYL ACNE CREAMY WASH]
809316	Benzoyl Peroxide 4% Topical application Soap [PANOXYL]
809316	Benzoyl Peroxide 4% Topical emulsion
809316	Benzoyl Peroxide 4% Topical emulsion, Non-Steroidal Topical lotion
809316	BENZOYL PEROXIDE 4% WASH
809316	BENZOYL PEROXIDE 40 mg in 1 mL TOPICAL CREAM [CeraVe Acne Foaming Cleanser]
809316	Benzoyl Peroxide 40 mg in 1 mL TOPICAL CREAM [Meijer Acne Foaming Cleanser Acne Treatment]
809316	BENZOYL PEROXIDE 40 mg in 1 mL TOPICAL LOTION [amazon basics acne foaming cleanser Acne Treatment]
809316	Benzoyl peroxide 40 mg/g cutaneous cream
809316	benzoyl peroxide 40 MG/ML Medicated Liquid Soap
809316	Benzoyl Peroxide Creamy Wash, 4% topical lotion
809316	Benzoyl Peroxide Wash, 4% topical lotion
809316	Benzoyl Peroxide;Lotion, Multi Ingredient 4%; NA Topical application Kit
809316	Benzoyl Peroxide;Lotion, Multi Ingredient 4%; NA Topical application Kit [ACNE WASH]
809316	benzoyl peroxide@4 %@TOPICAL@CLEANSER (GRAM)
809316	benzoyl peroxide@4 %@TOPICAL@CLEANSER (ML)
809316	benzoyl peroxide&skin cleansr5 4 % TOPICAL KIT
809316	BP 4% Topical Cleansing Lotion
809316	BP Cleansing Lotion, 4% topical lotion
809316	PanOxyl 4% Acne Creamy Wash
809316	PanOxyl, 4% topical cream
809316	Product containing precisely benzoyl peroxide 40 milligram/1 gram conventional release cutaneous cream (clinical drug)
82038	loperamide HCl
82038	Loperamide Hydrochloride
82038	Loperamide hydrochloride (substance)
824916	Benzoyl Peroxide 4% Topical application Soap [LAVOCLEN-4 CREAMY WASH]
824916	benzoyl peroxide 40 MG/ML Medicated Liquid Soap [Lavoclen]
824916	Benzoyl Peroxide;Lotion, Multi Ingredient 4%; NA Topical application Kit [LAVOCLEN-4 ACNE WASH]
824916	Benzoyl Peroxide;Lotion, Multi Ingredient 4%; NA Topical application Kit [LAVOCLEN-4]
824916	Lavoclen 4 % Topical Cream
824916	Lavoclen 4 % Topical Lotion
824916	Lavoclen 40 MG/ML Medicated Liquid Soap
824916	Lavoclen-4 Acne Wash Kit
824916	Lavoclen-4 Creamy Wash
824916	Lavoclen-4 Creamy Wash, 4% topical lotion
824916	Lavoclen-4, 4% topical kit
827751	acetaminophen 325 MG / propoxyphene napsylate 100 MG Oral Tablet
827751	Acetaminophen 325 mg and propoxyphene napsylate 100 mg oral tablet
827751	acetaminophen-propoxyphene napsylate 325 mg-100 mg oral tablet
827751	Acetaminophen-Propoxyphene Napsylate, napsylate 325 mg-100 mg oral tablet
827751	Acetaminophen/Propoxyphene Napsylate 325 MG-100 MG Oral Tablet
827751	Acetaminophen/Propoxyphene Napsylate 325 MG-100 MG Oral Tablet [PROPOXYPHENE NAPSYLATE/ACETAMINOPHEN]
827751	APAP 325 MG / propoxyphene napsylate 100 MG Oral Tablet
827751	Dextropropoxyphene napsylate 100 mg and paracetamol 325 mg oral tablet
827751	Product containing precisely dextropropoxyphene napsylate 100 milligram and paracetamol 325 milligram/1 each conventional release oral tablet (clinical drug)
827751	PROPOXYPHENE N 100MG/ACETAMINOPHEN 325MG TAB
827751	PROPOXYPHENE N 100MG/APAP 325MG TAB
827751	propoxyphene nap/acetaminophen 100 mg-325 mg ORAL TABLET
827751	propoxyphene napsylate 100 MG / acetaminophen 325 MG Oral Tablet
827751	Propoxyphene Napsylate 100mg, Acetaminophen 325mg Oral tablet
827751	propoxyphene napsylate/acetaminophen 100 mg-325 mg ORAL TABLET
827751	propoxyphene napsylate/acetaminophen@100 mg-325 mg@ORAL@TABLET
828585	ASA 389 MG / Caffeine 32.4 MG / Propoxyphene Hydrochloride 32 MG Oral Capsule
828585	ASA/caffeine/propoxyphene 389 mg-32.4 mg-32 mg oral capsule
828585	aspirin 389 MG / caffeine 32.4 MG / propoxyphene hydrochloride 32 MG Oral Capsule
828585	Aspirin 389 mg and caffeine 32.4 mg and dextropropoxyphene hydrochloride 32 mg oral capsule
828585	Aspirin 389 mg and caffeine 32.4 mg and propoxyphene hydrochloride 32 mg oral capsule
828585	Aspirin/Caffeine/Propoxyphene Hydrochloride 389 MG-32.4 MG-32 MG Oral Capsule
828585	Product containing precisely aspirin 389 milligram and caffeine 32.4 milligram and dextropropoxyphene hydrochloride 32 milligram/1 each conventional release oral capsule (clinical drug)
828585	propoxyphene HCl 32 MG / aspirin 389 MG / caffeine 32.4 MG / Oral Capsule
828585	PROPOXYPHENE HCL 32MG/ASA 389MG/CAFN 32MG CAP
828594	ASA 389 MG / Caffeine 32.4 MG / Propoxyphene Hydrochloride 65 MG Oral Capsule
828594	ASA/caffeine/propoxyphene 389 mg-32.4 mg-65 mg oral capsule
828594	aspirin 389 MG / caffeine 32.4 MG / propoxyphene hydrochloride 65 MG Oral Capsule
828594	Aspirin 389 mg and caffeine 32.4 mg and dextropropoxyphene hydrochloride 65 mg oral capsule
828594	Aspirin 389 mg and caffeine 32.4 mg and propoxyphene hydrochloride 65 mg oral capsule
828594	Aspirin/Caffeine/Propoxyphene Hydrochloride 389 MG-32.4 MG-65 MG Oral Capsule
828594	Aspirin/Caffeine/Propoxyphene Hydrochloride 389 MG-32.4 MG-65 MG Oral Capsule [BEXOPHENE]
828594	Aspirin/Caffeine/Propoxyphene Hydrochloride 389 MG-32.4 MG-65 MG Oral Capsule [DOXAPHENE COMPOUND]
828594	Aspirin/Caffeine/Propoxyphene Hydrochloride 389 MG-32.4 MG-65 MG Oral Capsule [MARGESIC A-C]
828594	Aspirin/Caffeine/Propoxyphene Hydrochloride 389 MG-32.4 MG-65 MG Oral Capsule [PROPOXYPHENE HCL COMPOUND]
828594	Aspirin/Caffeine/Propoxyphene Hydrochloride, 389 mg-32.4 mg-65 mg oral capsule
828594	Product containing precisely aspirin 389 milligram and caffeine 32.4 milligram and dextropropoxyphene hydrochloride 65 milligram/1 each conventional release oral capsule (clinical drug)
828594	propoxyphene HCl 65 MG / aspirin 389 MG / caffeine 32.4 MG Oral Capsule
828594	PROPOXYPHENE HCL 65MG/ASA 389MG/CAFN 32MG CAP
828594	propoxyphene HCl/aspirin/caffeine 65 mg-389 mg-32.4 mg ORAL CAPSULE
828594	propoxyphene HCl/aspirin/caffeine@65 mg-389 mg-32.4 mg@ORAL@CAPSULE
828594	Propoxyphene Hydrochloride 65mg, Aspirin 389mg, Caffeine 32.4mg Oral capsule
828594	propoxyphene/aspirin/caffeine 65 mg-389 mg-32.4 mg ORAL CAPSULE
848763	Endodan Reformulated May 2009
848765	aspirin / oxycodone Oral Tablet [Endodan Reformulated May 2009]
848768	ASA 325 MG / oxycodone hydrochloride 4.8355 MG Oral Tablet
848768	ASA 325 MG / oxycodone hydrochloride 4.84 MG Oral Tablet
848768	aspirin 325 MG / oxycodone hydrochloride 4.84 MG Oral Tablet
848768	aspirin-oxycodone 325 mg-4.8355 mg oral tablet
848768	Aspirin-Oxycodone, 325 mg-4.8355 mg oral tablet
848768	Aspirin/Oxycodone Hydrochloride 325 MG-4.8355 MG Oral Tablet
848768	oxyCODONE 4.8355 MG / aspirin 325 MG Oral Tablet
848768	OXYCODONE HCL 4.8355MG/ASPIRIN 325MG TAB
848768	oxycodone HCl/aspirin 4.8355 mg-325 mg ORAL TABLET
848768	oxycodone HCl/aspirin@4.8355 mg-325 mg@ORAL@TABLET
848768	OXYCODONE HYDROCHLORIDE 4.8355 mg / ASPIRIN 325 mg ORAL TABLET
848768	Oxycodone Hydrochloride 4.8355mg, Aspirin 325mg Oral tablet
848928	ASA 325 MG / Oxycodone Hydrochloride 4.84 MG Oral Tablet [Endodan Reformulated May 2009]
848928	aspirin 325 MG / oxycodone hydrochloride 4.84 MG Oral Tablet [Endodan Reformulated May 2009]
848928	Aspirin/Oxycodone Hydrochloride 325 MG-4.8355 MG Oral Tablet [ENDODAN]
848928	ENDODAN 4.84 MG / 325 MG Oral Tablet, Reformulated May 2009
848928	Endodan Reformulated May 2009 (ASA 325 MG / oxycodone hydrochloride 4.8355 MG) Oral Tablet
848928	Endodan Tablet
848928	Endodan, 325 mg-4.8355 mg oral tablet
848928	OXYCODONE HYDROCHLORIDE 4.8355 mg / ASPIRIN 325 mg ORAL TABLET [ENDODAN]
8536	Polimixina B
8536	Polymyxin B
8536	Polymyxin B (substance)
8536	Polymyxin B-containing product
8536	Polymyxine B
8536	Polymyxinum B
8536	Product containing polymyxin B (medicinal product)
857121	ASA 500 MG / Hydrocodone Bitartrate 5 MG Oral Tablet
857121	aspirin 500 MG / hydrocodone bitartrate 5 MG Oral Tablet
857121	Aspirin 500 mg and hydrocodone bitartrate 5 mg oral tablet
857121	aspirin-hydrocodone 500 mg-5 mg oral tablet
857121	Aspirin/Hydrocodone Bitartrate 500 MG-5 MG Oral Tablet
857121	HYDROCODONE 5/ASPIRIN 500MG TAB
857121	HYDROCODONE 5MG/ASPIRIN 500MG TAB
857121	HYDROCODONE BITARTRATE 5 mg / ASPIRIN 500 mg ORAL TABLET
857121	hydrocodone bitartrate/aspirin 5 mg-500 mg ORAL TABLET
857121	hydrocodone bitartrate/aspirin@5 mg-500 mg@ORAL@TABLET
857121	Product containing precisely aspirin 500 milligram and hydrocodone bitartrate 5 milligram/1 each conventional release oral tablet (clinical drug)
858770	HYDROCODONE 2.5/IBUPROFEN 200MG TAB
858770	hydrocodone bitartrate 2.5 MG / ibuprofen 200 MG Oral Tablet
858770	Hydrocodone bitartrate 2.5 mg and ibuprofen 200 mg oral tablet
858770	Hydrocodone Bitartrate 2.5mg, Ibuprofen 200mg Oral tablet
858770	HYDROCODONE BITARTRATE 2.5MG/IBUPROFEN 200MG TAB
858770	Hydrocodone Bitartrate/Ibuprofen 2.5 MG-200 MG Oral Tablet
858770	hydrocodone-ibuprofen 2.5 mg-200 mg oral tablet
858770	Hydrocodone-Ibuprofen, 2.5 mg-200 mg oral tablet
858770	hydrocodone/ibuprofen 2.5 mg-200 mg ORAL TABLET
858770	hydrocodone/ibuprofen@2.5 mg-200 mg@ORAL@TABLET
858770	Product containing precisely hydrocodone bitartrate 2.5 milligram and ibuprofen 200 milligram/1 each conventional release oral tablet (clinical drug)
858772	hydrocodone bitartrate 2.5 MG / ibuprofen 200 MG Oral Tablet [Reprexain]
858772	Hydrocodone Bitartrate/Ibuprofen 2.5 MG-200 MG Oral Tablet [REPREXAIN]
858772	REPREXAIN 2.5 MG / 200 MG Oral Tablet
858772	Reprexain 2.5/200 (hydrocodone bitartrate / ibuprofen) Oral Tablet
858772	Reprexain 2.5/200 Oral Tablet
858772	Reprexain 2.5mg-200mg Tablet
858772	Reprexain, 2.5 mg-200 mg oral tablet
858778	HYDROCODONE 5/IBUPROFEN 200MG TAB
858778	hydrocodone bitartrate 5 MG / ibuprofen 200 MG Oral Tablet
858778	Hydrocodone bitartrate 5 mg and ibuprofen 200 mg oral tablet
858778	Hydrocodone Bitartrate 5mg, Ibuprofen 200mg Oral tablet
858778	HYDROCODONE BITARTRATE 5MG/IBUPROFEN 200MG TAB
858778	Hydrocodone Bitartrate/Ibuprofen 5 MG-200 MG Oral Tablet
858778	Hydrocodone Bitartrate/Ibuprofen 5 MG-200 MG Oral Tablet [HYDROCODONE BITARTRATE-IBUPROFEN]
858778	hydrocodone-ibuprofen 5 mg-200 mg oral tablet
858778	Hydrocodone-Ibuprofen, 5 mg-200 mg oral tablet
858778	hydrocodone/ibuprofen 5 mg-200 mg ORAL TABLET
858778	hydrocodone/ibuprofen@5 mg-200 mg@ORAL@TABLET
858778	Product containing precisely hydrocodone bitartrate 5 milligram and ibuprofen 200 milligram/1 each conventional release oral tablet (clinical drug)
858780	hydrocodone bitartrate 5 MG / ibuprofen 200 MG Oral Tablet [Ibudone]
858780	Hydrocodone Bitartrate/Ibuprofen 5 MG-200 MG Oral Tablet [IBUDONE]
858780	Ibudone (hydrocodone bitartrate 5 MG / ibuprofen 200 MG) Oral Tablet
858780	IBUDONE 5 MG / 200 MG Oral Tablet
858780	Ibudone 5/200 Oral Tablet
858780	Ibudone 5mg-200mg Tablet
858780	Ibudone, 5 mg-200 mg oral tablet
858784	hydrocodone bitartrate 5 MG / ibuprofen 200 MG Oral Tablet [Reprexain]
858784	Hydrocodone Bitartrate 5 mg / Ibuprofen 200 mg ORAL TABLET, FILM COATED [Reprexain]
858784	Hydrocodone Bitartrate/Ibuprofen 5 MG-200 MG Oral Tablet [REPREXAIN]
858784	REPREXAIN 5 MG / 200 MG Oral Tablet
858784	Reprexain 5/200 (hydrocodone / ibuprofen) Oral Tablet
858784	Reprexain 5mg-200mg Tablet
858784	Reprexain, 5 mg-200 mg oral tablet
858798	HYDROCODONE 7.5/IBUPROFEN 200MG TAB
858798	hydrocodone bitartrate 7.5 MG / ibuprofen 200 MG Oral Tablet
858798	HYDROCODONE BITARTRATE 7.5 mg / IBUPROFEN 200 mg ORAL TABLET, COATED
858798	HYDROCODONE BITARTRATE 7.5 mg / IBUPROFEN 200 mg ORAL TABLET, FILM COATED
858798	HYDROCODONE BITARTRATE 7.5 mg / IBUPROFEN 200 mg ORAL TABLET, FILM COATED [Hydrocodone Bitartrate and Ibuprofen]
858798	Hydrocodone bitartrate 7.5 mg and ibuprofen 200 mg oral tablet
858798	Hydrocodone Bitartrate 7.5mg, Ibuprofen 200mg Oral tablet
858798	HYDROCODONE BITARTRATE 7.5MG/IBUPROFEN 200MG TAB
858798	Hydrocodone Bitartrate/Ibuprofen 7.5 MG-200 MG Oral Tablet
858798	Hydrocodone Bitartrate/Ibuprofen 7.5 MG-200 MG Oral Tablet [HYDROCODONE BITARTRATE-IBUPROFEN]
858798	hydrocodone-ibuprofen 7.5 mg-200 mg oral tablet
858798	Hydrocodone-Ibuprofen, 7.5 mg-200 mg oral tablet
858798	hydrocodone/ibuprofen 7.5 mg-200 mg ORAL TABLET
858798	hydrocodone/ibuprofen@7.5 mg-200 mg@ORAL@TABLET
858798	Product containing precisely hydrocodone bitartrate 7.5 milligram and ibuprofen 200 milligram/1 each conventional release oral tablet (clinical drug)
858800	hydrocodone bitartrate 7.5 MG / ibuprofen 200 MG Oral Tablet [Reprexain]
858800	Hydrocodone Bitartrate/Ibuprofen 7.5 MG-200 MG Oral Tablet [REPREXAIN]
858800	Reprexain 7.5/200 (hydrocodone / ibuprofen) Oral Tablet
858800	Reprexain 7.5mg-200mg Tablet
858800	Reprexain, 7.5 mg-200 mg oral tablet
858838	hydrocodone bitartrate 7.5 MG / ibuprofen 200 MG Oral Tablet [Vicoprofen]
858838	HYDROCODONE BITARTRATE 7.5 mg / IBUPROFEN 200 mg ORAL TABLET, COATED [Vicoprofen]
858838	Hydrocodone Bitartrate/Ibuprofen 7.5 MG-200 MG Oral Tablet [VICOPROFEN]
858838	Vicoprofen (hydrocodone bitartrate 7.5 MG / ibuprofen 200 MG) Oral Tablet
858838	Vicoprofen 7.5 MG / 200 MG Oral Tablet
858838	Vicoprofen 7.5mg-200mg Tablet
858838	Vicoprofen, 7.5 mg-200 mg oral tablet
859315	HYDROCODONE 10/IBUPROFEN 200MG TAB
859315	hydrocodone bitartrate 10 MG / ibuprofen 200 MG Oral Tablet
859315	Hydrocodone bitartrate 10 mg and ibuprofen 200 mg oral tablet
859315	Hydrocodone Bitartrate 10mg, Ibuprofen 200mg Oral tablet
859315	HYDROCODONE BITARTRATE 10MG/IBUPROFEN 200MG TAB
859315	Hydrocodone Bitartrate/Ibuprofen 10 MG-200 MG Oral Tablet
859315	hydrocodone-ibuprofen 10 mg-200 mg oral tablet
859315	Hydrocodone-Ibuprofen, 10 mg-200 mg oral tablet
859315	hydrocodone/ibuprofen 10 mg-200 mg ORAL TABLET
859315	hydrocodone/ibuprofen@10 mg-200 mg@ORAL@TABLET
859315	Product containing precisely hydrocodone bitartrate 10 milligram and ibuprofen 200 milligram/1 each conventional release oral tablet (clinical drug)
859317	hydrocodone bitartrate 10 MG / ibuprofen 200 MG Oral Tablet [Ibudone]
859317	Hydrocodone Bitartrate/Ibuprofen 10 MG-200 MG Oral Tablet [IBUDONE]
859317	Ibudone (hydrocodone bitartrate 10 MG / ibuprofen 200 MG) Oral Tablet
859317	IBUDONE 10 MG / 200 MG Oral Tablet
859317	Ibudone 10/200 Oral Tablet
859317	Ibudone 10mg-200mg Tablet
859317	Ibudone, 10 mg-200 mg oral tablet
859331	hydrocodone bitartrate 10 MG / ibuprofen 200 MG Oral Tablet [Reprexain]
859331	Hydrocodone Bitartrate/Ibuprofen 10 MG-200 MG Oral Tablet [REPREXAIN]
859331	Reprexain (hydrocodone bitartrate 10 MG / ibuprofen 200 MG) Oral Tablet
859331	Reprexain 10/200 Oral Tablet
859331	Reprexain 10mg-200mg Tablet
859331	Reprexain, 10 mg-200 mg oral tablet
864681	atovaquone 62.5 MG / proguanil HCl 25 MG Oral Tablet
864681	atovaquone 62.5 MG / proguanil hydrochloride 25 MG Oral Tablet
864681	ATOVAQUONE 62.5 mg / PROGUANIL HYDROCHLORIDE 25 mg ORAL TABLET, FILM COATED
864681	ATOVAQUONE 62.5 mg / PROGUANIL HYDROCHLORIDE 25 mg ORAL TABLET, FILM COATED [Atovaquone and Proguanil Hydrochloride]
864681	Atovaquone 62.5 mg and proguanil hydrochloride 25 mg oral tablet
864681	Atovaquone 62.5mg, Proguanil Hydrochloride 25mg Oral tablet
864681	ATOVAQUONE 62.5MG/PROGUANIL HCL 25MG TAB
864681	atovaquone-proguanil 62.5 mg-25 mg oral tablet
864681	Atovaquone-Proguanil Hydrochloride, 62.5 mg-25 mg oral tablet
864681	atovaquone/proguanil HCl 62.5 mg-25 mg (pediatric) ORAL TABLET
864681	atovaquone/proguanil HCl@62.5 mg-25 mg (pediatric)@ORAL@TABLET
864681	Atovaquone/Proguanil Hydrochloride 62.5 MG-25 MG Oral Tablet
864681	Product containing precisely atovaquone 62.5 milligram and proguanil hydrochloride 25 milligram/1 each conventional release oral tablet (clinical drug)
864685	atovaquone 62.5 MG / proguanil hydrochloride 25 MG Oral Tablet [Malarone]
864685	ATOVAQUONE 62.5 mg / PROGUANIL HYDROCHLORIDE 25 mg ORAL TABLET, FILM COATED [MALARONE]
864685	Atovaquone/Proguanil Hydrochloride 62.5 MG-25 MG Oral Tablet [MALARONE PEDIATRIC]
864685	Malarone 62.5/25 (atovaquone / proguanil HCl) Oral Tablet
864685	Malarone 62.5/25 Oral Tablet
864685	MALARONE Pediatric 62.5 MG / 25 MG Oral Tablet
864685	Malarone Pediatric 62.5mg-25mg Tablet
864685	Malarone Pediatric, 62.5 mg-25 mg oral tablet
892522	morphine sulfate 10 MG Rectal Suppository [RMS]
892522	MS 10 MG Rectal Suppository [RMS]
892522	RMS 10 MG Rectal Suppository
892522	RMS 10mg Rectal Suppository
892522	RMS, 10 mg rectal suppository
977971	oxyMORphone 1.5 mg/mL injectable solution
977971	oxymorphone HCl 1.5 mg/mL INJECTION AMPUL (ML)
977971	oxymorphone HCl 1.5 mg/mL INJECTION VIAL (ML)
977971	OXYMORPHONE HCL 1.5MG/ML INJ
977971	oxymorphone HCl@1.5 mg/mL@INJECTION@AMPUL (ML)
977971	oxymorphone HCl@1.5 mg/mL@INJECTION@VIAL (ML)
977971	Oxymorphone Hydrochloride 1.5 MG/1 ML Injection Solution
977971	oxymorphone hydrochloride 1.5 MG/ML Injectable Solution
993770	ACETAMINOPHEN 300 mg / CODEINE PHOSPHATE 15 mg ORAL TABLET
993770	ACETAMINOPHEN 300 mg / CODEINE PHOSPHATE 15 mg ORAL TABLET [ACETAMINOPHEN AND CODEINE PHOSPHATE]
993770	Acetaminophen 300 mg / Codeine Phosphate 15 mg ORAL TABLET [ACETAMINOPHEN AND CODEINE]
993770	Acetaminophen 300 mg and codeine phosphate 15 mg oral tablet
993770	Acetaminophen 300mg, Codeine Phosphate 15mg Oral tablet
993770	acetaminophen with codeine 300 mg-15 mg ORAL TABLET
993770	acetaminophen with codeine phosphate 300 mg-15 mg ORAL TABLET
993770	acetaminophen with codeine phosphate@300 mg-15 mg@ORAL@TABLET
993770	acetaminophen-codeine 300 mg-15 mg oral tablet
993770	Acetaminophen-Codeine Phosphate, 300 mg-15 mg oral tablet
993770	Acetaminophen/Codeine Phosphate 300 MG-15 MG Oral Tablet
993770	Acetaminophen/Codeine Phosphate 300 MG-15 MG Oral Tablet [ACETAMINOPHEN-CODEINE PHOSPHATE]
993770	Acetaminophen/Codeine Phosphate 300 MG-15 MG Oral Tablet [ACETAMINOPHEN/CODEINE #2]
993770	Acetaminophen/Codeine Phosphate 300 MG-15 MG Oral Tablet [FEBRIDYNE]
993770	Acetaminophen/Codeine Phosphate 300 MG-15 MG Oral Tablet [TYLENOL W/CODEINE #2]
993770	APAP 300 MG / codeine phosphate 15 MG Oral Tablet
993770	CODEINE 15/ACETAMINOPHEN 300MG TAB
993770	CODEINE 15MG/ACETAMINOPHEN 300MG TAB
993770	codeine phosphate 15 MG / acetaminophen 300 MG Oral Tablet
993770	Codeine phosphate 15 mg and paracetamol 300 mg oral tablet
993770	Product containing precisely codeine phosphate 15 milligram and paracetamol 300 milligram/1 each conventional release oral tablet (clinical drug)
993772	acetaminophen 300 MG / codeine phosphate 15 MG Oral Tablet [Tylenol with Codeine]
993772	APAP 300 MG / Codeine Phosphate 15 MG Oral Tablet [Tylenol with Codeine]
993772	Tylenol #2 Oral Tablet
993772	Tylenol with Codeine #2 (acetaminophen 300 MG / codeine phosphate 15 MG) Oral Tablet
993772	Tylenol with Codeine #2 (APAP 300 MG / codeine phosphate 15 MG) Oral Tablet
993772	Tylenol with Codeine #2, 300 mg-15 mg oral tablet
993943	acetaminophen 325 MG / butalbital 50 MG / caffeine 40 MG / codeine phosphate 30 MG Oral Capsule
993943	Acetaminophen 325 mg and butalbital 50 mg and caffeine 40 mg and codeine phosphate 30 mg oral capsule
993943	acetaminophen/butalbital/caffeine/codeine 325 mg-50 mg-40 mg-30 mg oral capsule
993943	Acetaminophen/Butalbital/Caffeine/Codeine Phosphate 325 MG-50 MG-40 MG-30 MG Oral Capsule
993943	Acetaminophen/Butalbital/Caffeine/Codeine Phosphate 325 MG-50 MG-40 MG-30 MG Oral Capsule [BUT/APAP/CAFF/COD]
993943	Acetaminophen/Butalbital/Caffeine/Codeine Phosphate 325 MG-50 MG-40 MG-30 MG Oral Capsule [BUTALBITAL-APAP-CAFFEINE-CODEINE]
993943	Acetaminophen/Butalbital/Caffeine/Codeine, 325 mg-50 mg-40 mg-30 mg oral capsule
993943	APAP 325 MG / butalbital 50 MG / caffeine 40 MG / codeine phosphate 30 MG Oral Capsule
993943	butalbit/acetamin/caff/codeine 50 mg-325 mg-40 mg-30 mg ORAL CAPSULE
993943	BUTALBITAL 50 mg / ACETAMINOPHEN 325 mg / CAFFEINE 40 mg / CODEINE PHOSPHATE 30 mg ORAL CAPSULE
993943	Butalbital 50 mg and caffeine 40 mg and codeine phosphate 30 mg and paracetamol 325 mg oral capsule
993943	Butalbital 50mg, Acetaminophen 325mg, Caffeine 40mg, Codeine Phosphate 30mg Oral capsule
993943	butalbital/acetaminophen/caffeine/codeine phosphate 50 mg-325 mg-40 mg-30 mg ORAL CAPSULE
993943	butalbital/acetaminophen/caffeine/codeine phosphate@50 mg-325 mg-40 mg-30 mg@ORAL@CAPSULE
993943	CODEINE 30/APAP 325/BUTALB 50MG/CAFN CAP
993943	CODEINE 30MG/APAP 325MG/BUTALBITAL 50MG/CAFN 40MG CAP
993943	CODEINE PHOSPHATE 30 mg / BUTALBITAL 50 mg / CAFFEINE 40 mg / ACETAMINOPHEN 325 mg ORAL CAPSULE
993943	CODEINE PHOSPHATE 30 mg / BUTALBITAL 50 mg / CAFFEINE 40 mg / ACETAMINOPHEN 325 mg ORAL CAPSULE [BUTALBITAL, ACETAMINOPHEN, CAFFEINE, AND CODEINE PHOSPHATE]
993943	Product containing precisely butalbital 50 milligram and caffeine 40 milligram and codeine phosphate 30 milligram and paracetamol 325 milligram/1 each conventional release oral capsule (clinical drug)
993945	acetaminophen 325 MG / butalbital 50 MG / caffeine 40 MG / codeine phosphate 30 MG Oral Capsule [Fioricet with Codeine]
993945	Acetaminophen/Butalbital/Caffeine/Codeine Phosphate 325 MG-50 MG-40 MG-30 MG Oral Capsule [FIORICET WITH CODEINE]
993945	Acetaminophen/Butalbital/Caffeine/Codeine Phosphate Oral Capsule [FIORICET WITH CODEINE]
993945	APAP 325 MG / butalbital 50 MG / Caffeine 40 MG / Codeine Phosphate 30 MG Oral Capsule [Fioricet with Codeine]
993945	Fioricet with Codeine (acetaminophen 325 MG / butalbital 50 MG / caffeine 40 MG / codeine phosphate 30 MG) Oral Capsule
993945	Fioricet with Codeine (APAP 325 MG / butalbital 50 MG / caffeine 40 MG / codeine phosphate 30 MG) Oral Capsule
993945	Fioricet with Codeine 50 MG / 325 MG / 40 MG / 30 MG Oral Capsule
993945	Fioricet with Codeine Capsule
993945	Fioricet with Codeine, 325 mg-50 mg-40 mg-30 mg oral capsule
993950	acetaminophen 325 MG / butalbital 50 MG / caffeine 40 MG / codeine phosphate 30 MG Oral Capsule [Phrenilin with Caffeine and Codeine]
993950	Acetaminophen/Butalbital/Caffeine/Codeine Phosphate 325 MG-50 MG-40 MG-30 MG Oral Capsule [PHRENILIN WITH CAFFEINE AND CODEINE]
993950	APAP 325 MG / butalbital 50 MG / Caffeine 40 MG / Codeine Phosphate 30 MG Oral Capsule [Phrenilin with Caffeine and Codeine]
993950	Phrenilin with Caffeine and Codeine (acetaminophen 325 MG / butalbital 50 MG / caffeine 40 MG / codeine phosphate 30 MG) Oral Capsule
993950	Phrenilin with Caffeine and Codeine (APAP 325 MG / butalbital 50 MG / caffeine 40 MG / codeine phosphate 30 MG) Oral Capsule
993950	Phrenilin with Caffeine and Codeine 50 MG / 30 MG / 325 MG / 40 MG Oral Capsule
993950	Phrenilin with Caffeine and Codeine Capsule
993950	Phrenilin with Caffeine and Codeine, 325 mg-50 mg-40 mg-30 mg oral capsule
994226	ASA 325 MG / carisoprodol 200 MG / codeine phosphate 16 MG Oral Tablet
994226	ASA/Carisoprodol/Codeine Phosphate, 325 mg-200 mg-16 mg oral tablet
994226	aspirin 325 MG / carisoprodol 200 MG / codeine phosphate 16 MG Oral Tablet
994226	Aspirin 325 mg and carisoprodol 200 mg and codeine phosphate 16 mg oral tablet
994226	aspirin/carisoprodol/codeine 325 mg-200 mg-16 mg oral tablet
994226	Aspirin/Carisoprodol/Codeine Phosphate 325 MG-200 MG-16 MG Oral Tablet
994226	Aspirin/Carisoprodol/Codeine Phosphate 325 MG-200 MG-16 MG Oral Tablet [CARISOPRODOL/ASPIRIN/CODEINE]
994226	Carisoprodol 200mg, Aspirin 325mg, Codeine Phosphate 16mg Oral tablet
994226	carisoprodol/aspirin/codeine 200 mg-325 mg-16 mg ORAL TABLET
994226	carisoprodol/aspirin/codeine phosphate 200 mg-325 mg-16 mg ORAL TABLET
994226	carisoprodol/aspirin/codeine phosphate@200 mg-325 mg-16 mg@ORAL@TABLET
994226	CODEINE 16MG/ASA 325MG/CARISOP 200MG TAB
994226	CODEINE 16MG/ASA 325MG/CARISOPRODOL 200MG TAB
994226	codeine phosphate 16 MG / aspirin 325 MG / carisoprodol 200 MG Oral Tablet
994226	Product containing precisely aspirin 325 milligram and carisoprodol 200 milligram and codeine phosphate 16 milligram/1 each conventional release oral tablet (clinical drug)
994228	ASA 325 MG / Carisoprodol 200 MG / Codeine Phosphate 16 MG Oral Tablet [Soma Compound with Codeine]
994228	aspirin 325 MG / carisoprodol 200 MG / codeine phosphate 16 MG Oral Tablet [Soma Compound with Codeine]
994228	Aspirin/Carisoprodol/Codeine Phosphate 325 MG-200 MG-16 MG Oral Tablet [SOMA COMPOUND W/CODEINE]
994228	Soma Compound with Codeine (ASA 325 MG / carisoprodol 200 MG / codeine phosphate 16 MG) Oral Tablet
994228	Soma Compound with Codeine 16 MG / 325 MG / 200 MG Oral Tablet
994228	Soma Compound with Codeine 200mg-325mg-16mg Tablet
994228	Soma Compound with Codeine, 325 mg-200 mg-16 mg oral tablet
994237	ASA 325 MG / butalbital 50 MG / caffeine 40 MG / codeine phosphate 30 MG Oral Capsule
994237	aspirin 325 MG / butalbital 50 MG / caffeine 40 MG / codeine phosphate 30 MG Oral Capsule
994237	Aspirin 325 mg and butalbital 50 mg and caffeine 40 mg and codeine phosphate 30 mg oral capsule
994237	aspirin/butalbital/caffeine/codeine 325 mg-50 mg-40 mg-30 mg oral capsule
994237	Aspirin/Butalbital/Caffeine/Codeine Phosphate 325 MG-50 MG-40 MG-30 MG Oral Capsule
994237	Aspirin/Butalbital/Caffeine/Codeine Phosphate 325 MG-50 MG-40 MG-30 MG Oral Capsule [BUTALBITAL COMPOUND W/CODEINE]
994237	Aspirin/Butalbital/Caffeine/Codeine Phosphate 325 MG-50 MG-40 MG-30 MG Oral Capsule [BUTALBITAL/ASPIRIN/CAFFEINE/CODEINE]
994237	Aspirin/Butalbital/Caffeine/Codeine, 325 mg-50 mg-40 mg-30 mg oral capsule
994237	BUTALBITAL 50 mg / ASPIRIN 325 mg / CAFFEINE 40 mg / CODEINE PHOSPHATE 30 mg ORAL CAPSULE
994237	BUTALBITAL 50 mg / ASPIRIN 325 mg / CAFFEINE 40 mg / CODEINE PHOSPHATE 30 mg ORAL CAPSULE [BUTALBITAL, ASPIRIN, CAFFEINE AND CODEINE PHOSPHATE]
994237	Butalbital 50mg, Aspirin 325mg, Caffeine 40mg, Codeine Phosphate 30mg Oral capsule
994237	CODEINE 30/ASA 325/BUTALB 50MG/CAFN CAP
994237	CODEINE 30MG/ASA 325MG/BUTALBITAL 50MG/CAFN 40MG CAP
994237	Codeine Phosphate 30 MILLIGRAM In 1 CAPSULE / Butalbital 50 MILLIGRAM In 1 CAPSULE / Caffeine 40 MILLIGRAM In 1 CAPSULE / Aspirin 325 MILLIGRAM In 1 CAPSULE ORAL CAPSULE
994237	codeine phosphate/butalbital/aspirin/caffeine 30 mg-50 mg-325 mg-40 mg ORAL CAPSULE
994237	codeine phosphate/butalbital/aspirin/caffeine@30 mg-50 mg-325 mg-40 mg@ORAL@CAPSULE
994237	codeine/butalbital/ASA/caffein 30 mg-50 mg-325 mg-40 mg ORAL CAPSULE
994237	Product containing precisely aspirin 325 milligram and butalbital 50 milligram and caffeine 40 milligram and codeine phosphate 30 milligram/1 each conventional release oral capsule (clinical drug)
994239	ASA 325 MG / butalbital 50 MG / Caffeine 40 MG / Codeine Phosphate 30 MG Oral Capsule [Ascomp]
994239	Ascomp with Codeine (ASA 325 MG / butalbital 50 MG / caffeine 40 MG / codeine phosphate 30 MG) Oral Capsule
994239	Ascomp with Codeine 50 MG / 325 MG / 40 MG / 30 MG Oral Capsule
994239	Ascomp with Codeine Capsule
994239	Ascomp with Codeine, 325 mg-50 mg-40 mg-30 mg oral capsule
994239	aspirin 325 MG / butalbital 50 MG / caffeine 40 MG / codeine phosphate 30 MG Oral Capsule [Ascomp]
994239	Aspirin/Butalbital/Caffeine/Codeine Phosphate 325 MG-50 MG-40 MG-30 MG Oral Capsule [ASCOMP W/CODEINE]
994239	Aspirin/Butalbital/Caffeine/Codeine Phosphate Oral Capsule [ASCOMP W/CODEINE]
994239	BUTALBITAL 50 mg / ASPIRIN 325 mg / CAFFEINE 40 mg / CODEINE PHOSPHATE 30 mg ORAL CAPSULE [Ascomp with Codeine]
994277	ASA 325 MG / butalbital 50 MG / Caffeine 40 MG / Codeine Phosphate 30 MG Oral Capsule [Fiorinal with Codeine]
994277	aspirin 325 MG / butalbital 50 MG / caffeine 40 MG / codeine phosphate 30 MG Oral Capsule [Fiorinal with Codeine]
994277	Aspirin/Butalbital/Caffeine/Codeine Phosphate 325 MG-50 MG-40 MG-30 MG Oral Capsule [FIORINAL W/CODEINE]
994277	Aspirin/Butalbital/Caffeine/Codeine Phosphate Oral Capsule [FIORINAL W/CODEINE]
994277	Fiorinal with Codeine (ASA 325 MG / butalbital 50 MG / caffeine 40 MG / codeine phosphate 30 MG) Oral Capsule
994277	Fiorinal with Codeine (aspirin 325 MG / butalbital 50 MG / caffeine 40 MG / codeine phosphate 30 MG) Oral Capsule
994277	Fiorinal with Codeine 50 MG / 325 MG / 40 MG / 30 MG Oral Capsule
994277	Fiorinal with Codeine Capsule
994277	Fiorinal with Codeine, 325 mg-50 mg-40 mg-30 mg oral capsule
995624	meclizine 12.5 mg oral tablet
995624	meclizine HCl 12.5 MG Oral Tablet
995624	MECLIZINE HCL 12.5MG TAB
995624	MECLIZINE HCL 12.5MG TAB UD
995624	MECLIZINE HCL 12.5MG TAB,UD
995624	meclizine HCl@12.5 mg@ORAL@TABLET
995624	MECLIZINE HYDROCHLORIDE 12.5 mg ORAL TABLET
995624	MECLIZINE HYDROCHLORIDE 12.5 mg ORAL TABLET [Meclizine HCl]
995624	MECLIZINE HYDROCHLORIDE 12.5 mg ORAL TABLET [Meclizine Hydrochloride]
995624	MECLIZINE HYDROCHLORIDE 12.5 mg ORAL TABLET [MECLIZINE]
995624	MECLIZINE HYDROCHLORIDE 12.5 mg ORAL TABLET [Rugby Meclizine HCl, 12.5 mg Each Antiemetic]
995624	Meclizine Hydrochloride 12.5 MILLIGRAM In 1 TABLET ORAL TABLET
995624	Meclizine Hydrochloride 12.5mg Oral tablet
995624	Meclizine Hydrochloride, 12.5 mg oral tablet
995624	Meclozine hydrochloride 12.5 mg oral tablet
995624	Product containing precisely meclozine hydrochloride 12.5 milligram/1 each conventional release oral tablet (clinical drug)
995626	Antivert 12.5 MG Oral Tablet
995626	Antivert 12.5mg Tablet
995626	Antivert, 12.5 mg oral tablet
995626	MECLIZINE HYDROCHLORIDE 12.5 mg ORAL TABLET [Antivert]
995628	D-Vert 12.5 MG Oral Tablet
995628	D-Vert, 12.5 mg oral tablet
995628	Meclizine Hydrochloride 12.5 MG Oral Tablet [D-VERT 12.5]
995628	meclizine hydrochloride 12.5 MG Oral Tablet [D-Vert]
995630	Meclicot 12.5 MG Oral Tablet
995630	Meclicot, 12.5 mg oral tablet
995630	meclizine hydrochloride 12.5 MG Oral Tablet [Meclicot]
996988	ASA 300 MG / Codeine Phosphate 8 MG Oral Tablet
996988	aspirin 300 MG / codeine phosphate 8 MG Oral Tablet
996988	Aspirin 300 mg and codeine 8 mg oral tablet
996988	codeine phosphate 8 MG / aspirin 300 MG Oral Tablet
996988	Product containing precisely aspirin 300 milligram and codeine 8 milligram/1 each conventional release oral tablet (clinical drug)
996991	ASA 325 MG / Codeine Phosphate 30 MG Oral Tablet
996991	aspirin 325 MG / codeine phosphate 30 MG Oral Tablet
996991	Aspirin 325 mg and codeine 30 mg oral tablet
996991	Aspirin 325mg, Codeine Phosphate 30mg Oral tablet
996991	aspirin-codeine 325 mg-30 mg oral tablet
996991	Aspirin-Codeine Phosphate, 325 mg-30 mg oral tablet
996991	Aspirin/Codeine Phosphate 325 MG-30 MG Oral Tablet
996991	Aspirin/Codeine Phosphate 325 MG-30 MG Oral Tablet [EMPIRIN W/CODEINE]
996991	aspirin/codeine phosphate@325 mg-30 mg@ORAL@TABLET
996991	CODEINE 30MG/AL OH 75MG/ASA 325MG/MG OH 75MG TAB
996991	CODEINE 30MG/ASPIRIN 325MG TAB
996991	codeine phosphate 30 MG / aspirin 325 MG Oral Tablet
996991	codeine phosphate/ASA/buffers 30 mg-325 mg ORAL TABLET
996991	codeine phosphate/aspirin/buffers 30 mg-325 mg ORAL TABLET
996991	codeine phosphate/aspirin/buffers@30 mg-325 mg@ORAL@TABLET
996991	Product containing precisely aspirin 325 milligram and codeine 30 milligram/1 each conventional release oral tablet (clinical drug)
996994	ASA 325 MG / Codeine Phosphate 60 MG Oral Tablet
996994	aspirin 325 MG / codeine phosphate 60 MG Oral Tablet
996994	Aspirin 325 mg and codeine 60 mg oral tablet
996994	Aspirin 325mg, Codeine Phosphate 60mg Oral tablet
996994	aspirin-codeine 325 mg-60 mg oral tablet
996994	Aspirin-Codeine Phosphate, 325 mg-60 mg oral tablet
996994	Aspirin/Codeine Phosphate 325 MG-60 MG Oral Tablet
996994	aspirin/codeine phosphate@325 mg-60 mg@ORAL@TABLET
996994	CODEINE 60MG/ASPIRIN 325MG TAB
996994	codeine phosphate 60 MG / aspirin 325 MG Oral Tablet
996994	Product containing precisely aspirin 325 milligram and codeine 60 milligram/1 each conventional release oral tablet (clinical drug)
997164	codeine phosphate 12.5 MG / ibuprofen 200 MG Oral Tablet
997164	Codeine phosphate 12.5 mg and ibuprofen 200 mg oral tablet
997164	Product containing precisely codeine phosphate 12.5 milligram and ibuprofen 200 milligram/1 each conventional release oral tablet (clinical drug)
997165	codeine phosphate 12.8 MG / ibuprofen 200 MG Oral Tablet
997165	Codeine phosphate 12.8 mg and ibuprofen 200 mg oral tablet
997165	Product containing precisely codeine phosphate 12.8 milligram and ibuprofen 200 milligram/1 each conventional release oral tablet (clinical drug)
997280	codeine phosphate 20 MG / ibuprofen 300 MG Extended Release Oral Tablet
997280	Codeine phosphate 20 mg and ibuprofen 300 mg prolonged-release oral tablet
997280	Product containing precisely codeine phosphate 20 milligram and ibuprofen 300 milligram/1 each prolonged-release oral tablet (clinical drug)
997523	ASA 325 MG / butalbital 50 MG / Caffeine 40 MG / Codeine Phosphate 30 MG Oral Capsule [Fiortal with Codeine]
997523	aspirin 325 MG / butalbital 50 MG / caffeine 40 MG / codeine phosphate 30 MG Oral Capsule [Fiortal with Codeine]
997523	Aspirin/Butalbital/Caffeine/Codeine Phosphate 325 MG-50 MG-40 MG-30 MG Oral Capsule [FIORTAL W/CODEINE]
997523	Fiorital with Codeine Capsule
997523	Fiortal with Codeine (aspirin 325 MG / butalbital 50 MG / caffeine 40 MG / codeine phosphate 30 MG) Oral Capsule
997523	Fiortal with Codeine, 325 mg-50 mg-40 mg-30 mg oral capsule
